CUSTOMER_TYPE_ID,NAME,LAST_NAME,BIRTHDATE,DOCUMENT_TYPE_ID,DOCUMENT,ADDRESS,AREA_CODE,EMAIL,PHONE_NUMBER
1,Sydney,Genny,1999-09-27,3,1139732445,13 Mockingbird Avenue,2297,sgenny0@jigsy.com,9156359225
1,Fitz,Sheriff,1960-11-07,1,1488696205,36951 Gulseth Parkway,802,fsheriff1@ihg.com,2214090530
2,Clara,Joll,1992-06-04,2,1153213221,0041 6th Hill,1981,cjoll2@umich.edu,4863580259
1,Vallie,Cosh,1980-10-14,1,1378037384,90528 Ryan Crossing,1814,vcosh3@npr.org,2376119765
2,Amy,Cusick,1981-07-28,2,1413335598,53758 Bunker Hill Park,1981,acusick4@edublogs.org,5278875806
1,Michel,Dine-Hart,1968-01-18,2,1004331735,785 Scoville Junction,303,mdinehart5@noaa.gov,8824781199
2,Ardelis,McCurtain,2010-05-14,2,1003445224,51 Crest Line Plaza,1981,amccurtain6@prlog.org,2154786850
2,Kori,Lantuff,2006-07-03,1,1139271310,26 Lakeland Point,303,klantuff7@trellian.com,1495235689
2,Morena,Lipson,1951-07-25,2,1514279377,5270 Messerschmidt Court,207,mlipson8@msn.com,8785922963
1,Brodie,Ledwich,2003-11-06,2,1552619392,809 Brickson Park Alley,1207,bledwich9@ustream.tv,1544045531
1,Casi,Stoyell,1969-10-23,1,1488002101,78 Mifflin Point,303,cstoyella@woothemes.com,9823690652
2,Nancy,Turfes,2000-04-07,1,1349784580,99 Lillian Avenue,1406,nturfesb@hp.com,5342516963
1,Bat,Gherardelli,2000-05-11,1,1483085321,31 Ridgeview Place,207,bgherardellic@livejournal.com,8712311247
1,Bev,Fellnee,1985-02-01,1,1199913337,113 Eastlawn Trail,802,bfellneed@seattletimes.com,8041611279
2,Bella,Tall,2000-04-29,1,1297841283,75885 Schiller Alley,1406,btalle@jiathis.com,9416615639
1,Ag,Josskovitz,1979-09-01,1,1186882124,825 Little Fleur Plaza,2297,ajosskovitzf@springer.com,1895303806
2,Aleece,Worman,2011-03-21,1,1570863118,8 Menomonie Pass,1406,awormang@archive.org,8405568313
2,Sophie,Heasley,1972-01-04,1,1526917218,156 Mcguire Alley,1006,sheasleyh@istockphoto.com,6881828575
2,Morissa,Teasdale-Markie,1960-11-16,3,1511394057,357 Green Ridge Plaza,1006,mteasdalemarkiei@amazon.de,4459005707
2,Andrea,Birtwhistle,1960-05-11,2,1131620485,41945 Dottie Avenue,802,abirtwhistlej@linkedin.com,4913914341
2,Von,Casterou,1958-09-04,3,1354159431,53 Tennyson Park,207,vcasterouk@boston.com,5806907118
1,Imogene,Finneran,1977-02-03,1,1174268757,00808 Monument Avenue,1006,ifinneranl@bbb.org,7452814233
1,Xavier,Cornick,1987-08-18,3,1407333698,72479 Shasta Terrace,1406,xcornickm@salon.com,6981102081
2,Arlena,Heffernon,1969-02-17,1,1287054869,34 Schiller Alley,1406,aheffernonn@newsvine.com,3087762813
2,Agathe,Dansken,1961-02-17,1,1043225952,7 Russell Court,1207,adanskeno@domainmarket.com,6657051280
1,Franciskus,Rawsthorne,1990-09-09,2,1210710365,861 Doe Crossing Center,303,frawsthornep@webeden.co.uk,9877433081
1,Stanford,Osgorby,1971-02-26,1,1339961633,007 Moland Crossing,207,sosgorbyq@typepad.com,5337359152
2,Odelle,Coulthurst,1994-08-13,3,1392931374,39351 Mifflin Alley,2297,ocoulthurstr@godaddy.com,6715137253
1,Marcello,Hynde,1965-05-01,2,1480899264,10 Hoffman Trail,207,mhyndes@engadget.com,2227790556
1,Napoleon,Goldhill,2011-03-19,1,1596461409,8 Dovetail Plaza,1406,ngoldhillt@noaa.gov,5216119543
2,Yolanda,South,1997-01-12,2,1197967091,427 Dexter Lane,2297,ysouthu@statcounter.com,5212750623
2,Jennie,Oakenfield,1957-09-08,3,1200370209,9 Mesta Lane,1207,joakenfieldv@cdc.gov,3266508379
1,Estella,Sooley,1990-10-15,1,1097989353,22 Dryden Pass,207,esooleyw@wired.com,4494345975
1,Ivory,Purver,1955-11-17,2,1363178198,7 Scoville Way,1207,ipurverx@booking.com,5073569730
2,Dolph,Celle,2005-11-11,1,1375118275,780 Utah Crossing,1406,dcelley@bluehost.com,3571755168
2,Jorge,Blackstock,1998-06-29,2,1078630834,8 Bayside Lane,1814,jblackstockz@sakura.ne.jp,6461049782
2,Jobie,Tuffs,1964-03-11,2,1384571230,571 Warbler Junction,802,jtuffs10@rediff.com,4452510435
1,Nevile,Kliche,1983-03-25,1,1187468365,6095 Sunfield Trail,1207,nkliche11@usnews.com,6227570438
2,Ragnar,Upcraft,2001-11-30,2,1327800376,39 Hudson Alley,2297,rupcraft12@about.com,5961524574
2,Kaine,Delyth,1998-10-31,1,1296558245,4 Goodland Lane,1781,kdelyth13@elegantthemes.com,1365352278
1,Georgine,Keeley,1986-09-16,2,1345200636,77357 Harper Road,207,gkeeley14@linkedin.com,7637448958
2,Devondra,Philpault,1950-02-16,1,1078626608,69026 Mesta Junction,207,dphilpault15@smugmug.com,5404474863
1,Obidiah,Zorzenoni,1995-06-09,1,1159851508,8204 Marquette Place,1981,ozorzenoni16@sun.com,1747021288
1,Gusella,Babbs,1957-01-30,1,1523778976,18557 Warner Junction,802,gbabbs17@jimdo.com,6157130128
2,Marylinda,Widmore,1962-06-21,3,1425639518,515 Bunting Junction,1006,mwidmore18@cbsnews.com,1131700126
1,Hildegaard,Guerola,2002-03-17,3,1209789902,4216 Sugar Drive,207,hguerola19@berkeley.edu,7669003930
2,Helli,Bushby,2005-06-15,1,1129643588,2 School Road,207,hbushby1a@home.pl,8763285601
2,Adriena,Leipoldt,1973-11-17,1,1481327507,88 Huxley Lane,1006,aleipoldt1b@smugmug.com,8733503439
1,Jsandye,Jaskiewicz,1994-10-14,1,1467308738,5663 Caliangt Park,1006,jjaskiewicz1c@shutterfly.com,1523918663
1,Egbert,Smalcombe,2004-08-21,2,1595674923,81440 Springview Avenue,1981,esmalcombe1d@yellowpages.com,4314781869
2,Mannie,Fillon,1952-08-13,2,1335670542,512 Stoughton Hill,207,mfillon1e@icq.com,8037005411
1,Garrard,Hocking,1971-08-29,2,1048912122,599 Springview Drive,1981,ghocking1f@wix.com,7635800099
1,Nathanil,O'Carmody,1959-05-20,3,1001132649,30674 Maryland Plaza,1781,nocarmody1g@vk.com,1692403857
2,Yul,Puddan,1963-03-12,2,1268928485,9697 Mifflin Point,1781,ypuddan1h@earthlink.net,7959145851
2,Keir,Kimbrey,1988-09-25,1,1577606648,00005 Hudson Plaza,2297,kkimbrey1i@purevolume.com,9768622240
2,Gayla,Abbett,1986-02-23,3,1142128553,3006 Northland Avenue,1981,gabbett1j@goo.gl,9703755019
2,Nolan,Gladdish,1964-03-15,1,1266617076,3181 Green Ridge Junction,1406,ngladdish1k@twitpic.com,9122936512
2,Dominga,Blaes,1964-12-07,3,1113735441,9316 Delaware Court,2297,dblaes1l@examiner.com,7374094519
1,Agneta,Warrington,1979-02-04,1,1160994823,7 Novick Park,207,awarrington1m@reuters.com,3522962604
1,Rodie,Newport,1988-03-07,2,1460544168,528 Maple Wood Circle,1406,rnewport1n@blogger.com,1092216102
2,Berni,Faint,1981-12-11,2,1579189687,90579 Northport Avenue,303,bfaint1o@narod.ru,6915129492
2,Mace,Lejeune,1988-06-17,2,1091453074,23326 Hansons Junction,1981,mlejeune1p@deviantart.com,1083014718
1,Yolanda,Salliere,2001-03-14,1,1567795787,9565 Northview Park,1981,ysalliere1q@tiny.cc,7626886259
2,Merralee,Pattinson,1965-09-02,3,1257600646,73371 Anhalt Center,1406,mpattinson1r@fda.gov,8506039859
2,Claudie,Muckian,1996-03-24,2,1030472652,8785 Kingsford Point,2297,cmuckian1s@usa.gov,6915357566
1,Netta,Achrameev,1995-03-02,1,1013013303,1 Little Fleur Plaza,303,nachrameev1t@spotify.com,6955376651
1,Hymie,O'Roan,1983-08-10,1,1442113945,38 Sullivan Pass,207,horoan1u@geocities.jp,5047627601
1,Mia,Gasgarth,1972-01-22,1,1464103958,10993 Lyons Trail,207,mgasgarth1v@hc360.com,5419174043
1,Adamo,Cryer,1955-07-10,2,1040320756,16735 Clove Lane,1814,acryer1w@blinklist.com,3213836617
1,Loni,Anglish,1969-03-04,2,1026251854,53 Arizona Alley,2297,langlish1x@reverbnation.com,5191565707
2,Sander,Hackley,1995-06-21,2,1331264013,8496 Forest Crossing,802,shackley1y@home.pl,4993078314
1,Terri,Eyrl,1994-03-31,3,1575907242,6266 Clemons Drive,802,teyrl1z@slideshare.net,2114139797
2,Sasha,Wetton,1953-05-06,3,1093159594,0 Tony Center,1006,swetton20@yahoo.co.jp,3508080857
2,Leontine,Hassekl,1972-02-17,1,1273619568,4 Sommers Hill,303,lhassekl21@tumblr.com,1809227442
2,Haskell,Girodin,1980-05-18,3,1289109088,263 Burning Wood Hill,1981,hgirodin22@vistaprint.com,9663965320
2,Clareta,Anthill,2003-11-05,3,1399212743,9 Southridge Terrace,1981,canthill23@reverbnation.com,7867742868
1,Bel,Idill,2003-10-08,3,1122657351,4085 Dunning Junction,1781,bidill24@bigcartel.com,3885054327
1,Marcie,Verillo,2008-08-26,1,1030127757,24004 Hooker Trail,1981,mverillo25@ted.com,1562067518
2,Katheryn,Caddock,1996-01-03,1,1371382631,9 Calypso Drive,1006,kcaddock26@newsvine.com,7647098884
1,Yoko,Petrov,2003-03-12,3,1389629704,794 Lunder Trail,1814,ypetrov27@mtv.com,1898306242
2,Rosie,Houndsom,1962-01-12,1,1021887992,0987 Basil Trail,2297,rhoundsom28@yelp.com,4406571019
1,Mannie,Raistrick,1954-08-05,3,1020525619,831 Golf Course Parkway,1981,mraistrick29@independent.co.uk,2039065567
2,Wally,Ladds,2009-04-27,3,1069544586,6 Del Sol Parkway,1207,wladds2a@flavors.me,4305137194
2,Muffin,Plan,1975-03-03,3,1546219112,8 Farwell Trail,207,mplan2b@diigo.com,2629717934
1,Falkner,Bims,1958-05-06,1,1145320441,70807 Lindbergh Avenue,303,fbims2c@moonfruit.com,3761738525
1,Jarid,Lehrle,1991-07-04,2,1417657187,5943 Hallows Park,802,jlehrle2d@google.com.hk,2187778907
1,Arabelle,Guille,1983-07-09,2,1208877897,9 Blue Bill Park Center,1781,aguille2e@scribd.com,7035760863
1,Georgianne,Gaenor,1964-07-06,1,1046301541,1 Basil Terrace,207,ggaenor2f@odnoklassniki.ru,9362435271
1,Zaria,Trevon,1981-09-23,1,1518083170,0 Sheridan Terrace,2297,ztrevon2g@eventbrite.com,5447331419
1,Colene,Joselin,1997-07-02,1,1067180018,19 Fallview Point,1814,cjoselin2h@cornell.edu,2829121412
2,Dwayne,Frosch,2000-06-05,3,1521342815,957 Crownhardt Court,1814,dfrosch2i@umich.edu,3191467753
1,Byran,Verrillo,1990-02-11,2,1058677367,282 Mendota Crossing,1207,bverrillo2j@google.co.jp,5469296595
2,Alric,Emptage,1998-10-27,1,1566343239,59574 Stoughton Alley,1006,aemptage2k@europa.eu,5068735857
2,Hanni,Frearson,1980-06-20,1,1333814515,9 Dwight Trail,1981,hfrearson2l@digg.com,4007512043
2,Robinett,Toombes,2009-02-28,3,1519498682,6865 Waywood Road,802,rtoombes2m@com.com,9561809330
2,Nora,Angelini,1959-04-02,2,1476416267,8 South Point,1006,nangelini2n@bloglovin.com,6569250035
1,Elmira,Renshell,2009-07-22,3,1093961464,8636 Springview Crossing,1406,erenshell2o@free.fr,3703164192
1,Lowell,Yellop,1983-06-16,3,1557619965,0996 Prairieview Lane,1406,lyellop2p@nbcnews.com,1037919134
1,Igor,Jertz,1983-03-22,1,1269081785,7792 Truax Junction,1006,ijertz2q@dedecms.com,6141572132
1,Cullan,Powley,2010-10-09,2,1258362829,809 Service Terrace,1406,cpowley2r@friendfeed.com,4234051898
1,Mercy,Jewess,1986-07-21,1,1165202282,54 Cambridge Park,1781,mjewess2s@mapquest.com,2158997196
2,Ripley,Learned,1965-03-23,1,1214648284,8 Sage Parkway,1981,rlearned2t@is.gd,7874985784
2,Riannon,Beardon,1984-12-10,1,1077619510,57 Northport Junction,1006,rbeardon2u@mayoclinic.com,3901092441
1,Abbot,Goodere,1976-03-17,1,1517766840,304 Glacier Hill Avenue,207,agoodere2v@studiopress.com,1505401954
1,Aile,Demogeot,1962-05-05,3,1063810351,94 Nelson Trail,1981,ademogeot2w@flavors.me,6856286575
2,Ema,Symcock,2009-12-30,1,1547900076,0726 Morningstar Place,1006,esymcock2x@twitpic.com,2522099615
2,Eduardo,Jefferys,1974-10-19,3,1093115660,3787 Nobel Court,207,ejefferys2y@weibo.com,6867167797
1,Tabby,Kindread,2006-09-23,1,1120103605,33743 Nancy Street,1006,tkindread2z@sciencedaily.com,1045319240
2,Vaughan,Rosso,1965-07-30,2,1515583619,98638 Crowley Terrace,303,vrosso30@virginia.edu,6334662332
2,Amalia,Clewarth,2000-01-12,3,1018759245,87327 Nobel Alley,1814,aclewarth31@usnews.com,9684168509
2,Felicdad,Legging,1951-01-08,2,1310828623,1 Artisan Parkway,303,flegging32@oaic.gov.au,5494769839
1,Lucina,Siderfin,1973-06-06,3,1589154659,0 Onsgard Point,1981,lsiderfin33@1und1.de,2651822917
2,Delmer,Birchall,1994-09-20,2,1551491692,5 New Castle Place,207,dbirchall34@umich.edu,3049158004
1,Russell,Zapater,1966-10-22,3,1430163403,1398 Porter Avenue,303,rzapater35@newsvine.com,5449982993
2,Hulda,Lembcke,2004-05-16,1,1177681794,548 Petterle Way,1406,hlembcke36@zdnet.com,7157096033
1,Starla,Olanda,1990-08-07,3,1007791268,784 South Court,1207,solanda37@soup.io,7221638001
2,Judah,Corballis,2007-09-06,3,1069185957,18644 Fuller Hill,2297,jcorballis38@hp.com,8095686223
1,Angy,Conneely,1983-03-30,3,1119551770,88281 Oxford Center,1006,aconneely39@soundcloud.com,4908309022
2,Bambie,Joul,2007-03-09,3,1408406508,00 Iowa Junction,1981,bjoul3a@i2i.jp,7657918279
2,Mayer,Maudlin,1994-07-31,1,1002810034,3 Bowman Place,207,mmaudlin3b@de.vu,2307370050
1,Gerome,Paoletti,1985-05-04,3,1419122230,7 Kenwood Parkway,1006,gpaoletti3c@gmpg.org,5986337390
1,Ronnica,Hucklesby,1967-11-30,1,1397056651,41 Dennis Alley,2297,rhucklesby3d@xrea.com,6609686805
2,Timmy,Devlin,1974-08-23,3,1587317178,6 Ridgeview Court,1406,tdevlin3e@dmoz.org,7241206029
1,Aleksandr,Cuchey,1999-08-03,2,1209734968,56 Linden Terrace,1814,acuchey3f@scribd.com,5604267492
2,Archer,Pau,1999-08-22,3,1102103104,9184 Bashford Lane,2297,apau3g@wunderground.com,7489745906
1,Dulcinea,Plak,1957-11-22,1,1488529802,38969 Buhler Court,1781,dplak3h@sphinn.com,8406168746
1,Jaynell,Coultass,1965-12-17,1,1179948478,64426 Westport Circle,2297,jcoultass3i@dyndns.org,3244976579
1,Berkly,Giacobazzi,1972-01-16,1,1370700980,5097 Grayhawk Alley,1207,bgiacobazzi3j@kickstarter.com,8525878436
1,Goober,Comini,1967-12-04,1,1543805796,520 Lien Drive,1406,gcomini3k@npr.org,1184263967
1,Elspeth,Geertsen,1997-10-02,1,1219213485,326 Sage Junction,802,egeertsen3l@theglobeandmail.com,7646544899
2,Sheryl,Goodlake,1962-07-06,2,1491711988,904 Shelley Point,802,sgoodlake3m@biglobe.ne.jp,7312002313
2,Gabbi,Hilhouse,1954-02-28,3,1096829278,81 Lakewood Gardens Drive,207,ghilhouse3n@rediff.com,8344737410
1,Gunter,Gilstin,2010-07-21,2,1083597668,50 Pleasure Junction,1207,ggilstin3o@hao123.com,9163634532
2,Filia,Frissell,1971-01-16,2,1157387938,8 Quincy Road,2297,ffrissell3p@cafepress.com,6509766397
2,Karmen,Cecil,2001-08-19,1,1067458552,68617 Lien Court,802,kcecil3q@topsy.com,6352184036
1,Delly,Longmead,1991-08-30,1,1171496797,3190 Hoffman Trail,2297,dlongmead3r@slashdot.org,2846833148
2,Mahala,Coneybeare,1952-03-03,2,1183524361,4781 Prairieview Court,1781,mconeybeare3s@businessweek.com,2068291238
2,Jacobo,Duffet,1972-12-29,1,1068791140,3 Lake View Crossing,303,jduffet3t@soup.io,6361501095
2,Ave,O'Lyhane,2011-12-05,3,1575204229,101 Monica Hill,1006,aolyhane3u@youtube.com,4301939878
2,Lea,Otton,1982-01-14,3,1052102157,368 Dahle Place,802,lotton3v@ezinearticles.com,9961899436
2,Rozelle,MacGee,1997-11-23,2,1037812075,83238 Birchwood Court,1006,rmacgee3w@google.nl,4793235202
1,Kriste,Blader,1975-06-26,1,1122815893,32 Anderson Circle,303,kblader3x@skype.com,6077539154
2,Agnella,Lago,1960-07-27,1,1039101509,0417 Corben Trail,1406,alago3y@nhs.uk,2235738709
2,Johannes,Lindell,1991-11-02,3,1150573929,571 Monica Circle,1814,jlindell3z@vinaora.com,8299491221
2,Cathryn,Jagg,2006-05-18,3,1512325746,48 Rowland Court,1207,cjagg40@chron.com,5441329303
1,Shurlock,Hiers,1973-10-21,3,1274987096,23050 Hoffman Drive,1814,shiers41@bravesites.com,7439996421
2,Nolana,Louw,1970-12-28,2,1336865435,0 Sachtjen Road,303,nlouw42@youtube.com,1767379695
1,Basilio,Drew,1959-10-27,3,1562716199,60 International Road,207,bdrew43@hexun.com,9538365609
1,Maura,Overbury,1971-08-19,2,1341052898,55 Dixon Circle,1207,moverbury44@yandex.ru,5458575113
2,Arnoldo,Torbet,1990-10-07,2,1521233860,6 Pawling Plaza,1006,atorbet45@github.io,4335723476
1,Caria,Wastling,1999-04-13,3,1002458373,8584 Butternut Court,2297,cwastling46@ihg.com,1076881677
2,Culver,Arger,1994-11-06,1,1528422009,0 Holmberg Crossing,2297,carger47@scribd.com,9661996660
1,Joli,Baiss,1964-10-15,1,1508546594,809 Moulton Point,303,jbaiss48@stanford.edu,9612814102
1,Shanan,Whitticks,1985-03-24,3,1485083299,774 Spaight Crossing,802,swhitticks49@cnn.com,7819584221
1,Sammy,Wenman,1972-07-27,1,1337834779,4592 Hayes Pass,1006,swenman4a@behance.net,9445299966
1,Clair,Rowlands,1964-07-31,2,1059321814,622 Boyd Hill,1814,crowlands4b@si.edu,7849459479
2,Laurens,Brookshaw,1981-08-09,1,1578537984,4186 Mayer Center,802,lbrookshaw4c@census.gov,3789898351
1,Bernie,Heinsius,1959-04-22,2,1338761036,6076 Northfield Way,1006,bheinsius4d@google.ru,9355533323
2,Norrie,Howden,1988-10-18,1,1041694885,50489 Northwestern Crossing,1006,nhowden4e@sina.com.cn,2108381214
1,Lyle,Enstone,1950-09-22,1,1054918042,92 Eggendart Court,1006,lenstone4f@altervista.org,3028523281
1,David,Robins,1966-06-08,1,1166253568,991 Chinook Center,1981,drobins4g@mediafire.com,1209194065
1,Lem,Degenhardt,2006-12-24,3,1058446380,715 Dexter Plaza,2297,ldegenhardt4h@addtoany.com,9689245877
2,Perl,Shirland,1955-09-11,3,1284359971,796 Gina Junction,303,pshirland4i@shutterfly.com,1339242022
1,Millard,Piatkowski,2008-05-17,1,1161780942,29338 David Hill,802,mpiatkowski4j@chicagotribune.com,2583672623
1,Shara,Prigmore,1990-04-15,1,1255692722,633 Schiller Hill,802,sprigmore4k@paypal.com,4953785573
2,Pascal,McGinney,2007-07-16,1,1090156857,97 Sullivan Drive,303,pmcginney4l@discuz.net,5312953012
2,Dell,Ligertwood,2011-12-15,1,1115863606,20 Grover Center,1406,dligertwood4m@nps.gov,7802977513
2,Netta,Scawen,2010-09-13,3,1412459840,469 Moland Pass,802,nscawen4n@fda.gov,2048378893
2,Elbertina,Laxtonne,1964-01-16,1,1295516474,2382 Meadow Ridge Terrace,802,elaxtonne4o@ovh.net,3646227188
1,Jenni,Piolli,1990-09-03,1,1362084028,8299 Basil Trail,1006,jpiolli4p@clickbank.net,7181399929
2,Maudie,Pickavant,2003-11-07,3,1285179469,5979 Bay Circle,1006,mpickavant4q@paypal.com,5606639943
1,Zeb,Kollasch,1973-08-21,2,1428725362,1451 Pawling Park,1406,zkollasch4r@barnesandnoble.com,1019839870
1,Yoko,Rappport,1980-12-15,2,1487522071,5318 Talmadge Trail,1781,yrappport4s@wikimedia.org,4346698442
2,Ripley,Danhel,2007-03-06,2,1207264951,2 Walton Junction,802,rdanhel4t@squidoo.com,6366027461
1,Herold,Smewings,1999-01-11,3,1505578826,02 Leroy Park,1814,hsmewings4u@uol.com.br,8702693617
2,Maureen,Gilardone,2004-03-07,2,1059407302,6 Parkside Center,303,mgilardone4v@youtube.com,6539009189
1,Hollis,Baugham,1964-05-02,2,1208807831,9555 Basil Road,1406,hbaugham4w@tmall.com,1829035651
1,Corry,Sollner,1988-11-15,3,1214654207,503 7th Circle,1406,csollner4x@dailymotion.com,7985532887
2,Melitta,Raggatt,1994-03-30,1,1096305084,01 Becker Center,802,mraggatt4y@marketwatch.com,2358879194
1,Clemmie,Faint,2000-05-20,1,1578655762,89687 Nobel Center,802,cfaint4z@rakuten.co.jp,1128796909
2,Philip,Steely,1981-06-23,1,1009662297,50518 Shelley Trail,1207,psteely50@1und1.de,2466881601
1,Ericha,Coulsen,1990-01-31,3,1235680379,5 Chive Trail,2297,ecoulsen51@cbsnews.com,3712576347
2,Danit,Scutts,1978-08-27,2,1007364443,98230 Roth Street,207,dscutts52@wired.com,7376361996
1,Noami,Edrich,2006-03-02,1,1518269516,5611 Westerfield Center,1781,nedrich53@archive.org,9338635613
1,Robert,Tinto,2011-01-27,1,1277931598,19 Scoville Court,1781,rtinto54@merriam-webster.com,5031840384
2,Kathrine,Zieme,1978-05-20,2,1274646830,9913 Barnett Trail,1207,kzieme55@icio.us,3637195326
2,Deane,Musker,2008-11-15,2,1443774532,02299 Roth Way,1781,dmusker56@blog.com,2373512442
2,Lindsay,Suscens,2000-12-11,2,1577834560,6616 Graedel Lane,1781,lsuscens57@google.cn,8117359574
1,Bernardina,Burfoot,1986-04-08,3,1253815650,0865 Elgar Circle,1814,bburfoot58@webnode.com,5378517312
1,Mort,Hellings,2008-03-14,2,1170853391,7196 Division Street,303,mhellings59@studiopress.com,3878337762
2,Dot,Ciobutaro,1984-04-19,3,1064884263,90399 Dayton Alley,303,dciobutaro5a@godaddy.com,5482056966
2,Cam,Wheatcroft,1988-03-08,2,1403933595,647 Lerdahl Pass,1006,cwheatcroft5b@stumbleupon.com,2306704589
1,Orland,Shickle,1965-05-13,2,1228164866,034 Carioca Lane,207,oshickle5c@google.it,9077045634
1,Dulce,Chaffen,1995-02-02,1,1409364962,42 Londonderry Trail,1981,dchaffen5d@vinaora.com,9866438836
2,Gill,Tapenden,1998-12-21,1,1111289305,6798 Clove Plaza,1006,gtapenden5e@cargocollective.com,2804757749
2,Malissa,Fretwell,2001-10-04,1,1599314104,65146 Bayside Court,303,mfretwell5f@technorati.com,1269816936
1,Josi,Conechie,1972-04-13,3,1538550846,4470 Claremont Junction,1781,jconechie5g@so-net.ne.jp,5265394868
2,Revkah,Dunnett,1975-09-12,2,1426169098,8 Schurz Street,1207,rdunnett5h@amazon.com,7049825409
1,Morena,Isacke,1981-04-05,2,1276488629,6 Lakewood Park,1981,misacke5i@issuu.com,8479988062
1,Alika,Dhillon,1983-12-05,2,1351586409,2243 Garrison Trail,802,adhillon5j@tamu.edu,6802233570
1,Cher,Hansemann,1962-02-28,3,1252255570,59 Alpine Crossing,1814,chansemann5k@google.it,8656936739
1,Aleece,McCaughran,2005-12-10,3,1236565310,1589 Oxford Hill,1814,amccaughran5l@google.com.au,5779523274
1,Olimpia,MacCafferty,1960-06-18,1,1101323371,9080 Reinke Hill,1207,omaccafferty5m@omniture.com,5572439196
2,Bari,Scoggan,2007-11-03,3,1388917732,38 Dakota Plaza,1406,bscoggan5n@arstechnica.com,9345850222
2,Cori,Alleburton,1976-06-23,1,1326510709,666 Johnson Road,802,calleburton5o@hc360.com,5751456995
1,Sherye,Seeds,1975-09-06,3,1467796571,459 Colorado Center,1006,sseeds5p@hostgator.com,8951526029
2,Devina,Burg,1951-04-02,2,1474856512,37 Brentwood Place,1207,dburg5q@github.io,7249576679
2,Guinevere,Chamberlain,2011-10-13,3,1391655749,63063 Sloan Circle,303,gchamberlain5r@issuu.com,6926750994
1,Tracy,Noore,1982-04-24,3,1015398461,4147 Crownhardt Center,1006,tnoore5s@nationalgeographic.com,4204164694
2,Greg,Ekkel,2003-11-06,1,1006415200,9 Mitchell Junction,1781,gekkel5t@yellowpages.com,4421984620
2,Eleonora,Arnold,1955-08-25,2,1114429231,736 Sunfield Lane,1006,earnold5u@latimes.com,7349618730
1,Brook,Dulany,1962-01-01,3,1565036897,788 Sunnyside Court,1781,bdulany5v@altervista.org,5045905614
2,Joelynn,Padwick,1964-07-18,3,1151750978,4 American Ash Junction,1781,jpadwick5w@opera.com,6131648495
1,Jaime,Januszewicz,2002-04-08,2,1038276347,1182 Bartillon Road,1781,jjanuszewicz5x@taobao.com,3446964826
2,Bonnie,Bodiam,1961-11-12,3,1252754157,15437 Ryan Court,303,bbodiam5y@springer.com,9634983058
1,Ogden,Cowen,1976-08-12,2,1567287956,7 Menomonie Center,303,ocowen5z@wordpress.com,9281004350
2,Alane,Mor,1952-09-20,3,1382324417,64 Farwell Place,1981,amor60@utexas.edu,3938707880
1,Helga,Belcham,1968-05-16,2,1442964396,627 Village Green Hill,1207,hbelcham61@msu.edu,4989216951
1,Pippo,Tree,1995-08-29,1,1452330703,18256 Hudson Street,1006,ptree62@drupal.org,9148317527
1,Granthem,Dennick,1965-05-02,2,1240453996,891 Lillian Way,207,gdennick63@istockphoto.com,3828230482
2,Emmott,Covet,1996-11-15,1,1002042552,2586 Reinke Junction,1814,ecovet64@unblog.fr,7439249722
1,Violette,Druett,1971-07-19,2,1327976106,762 Blaine Terrace,1406,vdruett65@altervista.org,2688008625
2,Manolo,Nurcombe,1955-11-06,1,1467601111,27 Maple Avenue,207,mnurcombe66@ucoz.ru,9758256109
2,Rodney,Wadeson,1983-08-17,1,1112290628,94747 Doe Crossing Hill,1814,rwadeson67@liveinternet.ru,6568956780
1,Erin,Brodhead,1973-10-12,1,1576705475,6 Atwood Junction,1781,ebrodhead68@mapquest.com,3708588619
2,Briney,Helin,1968-07-27,2,1371876609,76 Gulseth Way,1207,bhelin69@sfgate.com,8657981943
2,Susanne,Lamacraft,1986-10-15,2,1359300713,47 Crowley Pass,1207,slamacraft6a@google.pl,4365795745
1,Josephine,Labusquiere,1983-04-29,3,1240224292,2 Fremont Court,2297,jlabusquiere6b@sfgate.com,6171449666
1,Cheston,Brickdale,1952-01-03,2,1363986960,500 Artisan Crossing,1207,cbrickdale6c@timesonline.co.uk,2587454494
1,Boniface,MacDougall,1987-12-11,3,1421867148,765 Garrison Lane,1981,bmacdougall6d@topsy.com,8421878018
2,Giulietta,Finey,1996-04-20,1,1170993662,5 Lien Junction,1981,gfiney6e@jiathis.com,3926837760
2,Virge,Burchfield,2006-07-22,2,1566603763,3 Stephen Terrace,1207,vburchfield6f@who.int,3133263968
2,Dulcine,Genny,1952-03-05,3,1392875483,1 Ludington Place,1781,dgenny6g@businessweek.com,3138818606
1,Hilliard,Scrigmour,1972-03-21,3,1335001483,24905 Summit Way,303,hscrigmour6h@vk.com,4605467801
2,Margaret,Rylands,1985-03-06,2,1173181231,1449 Debra Point,1781,mrylands6i@rediff.com,9766326397
2,Ethel,Stodd,1989-03-07,3,1479189881,3311 Vera Park,1981,estodd6j@oracle.com,1402187094
2,Silvester,Nevin,1982-12-23,2,1256408715,0991 Crest Line Way,1207,snevin6k@hexun.com,3874727947
1,Dolf,Beckson,1991-07-13,3,1270494008,8940 Kingsford Court,1781,dbeckson6l@guardian.co.uk,4611165962
1,Pooh,Slocomb,1997-07-16,3,1106254922,666 Farwell Way,2297,pslocomb6m@earthlink.net,1618703061
1,Uta,Regus,1957-09-21,1,1490388028,6 Kensington Park,802,uregus6n@tinyurl.com,1505293295
1,Quintus,Spry,1989-11-11,2,1448560175,52 Lyons Point,1006,qspry6o@sciencedirect.com,1785668208
1,Paulie,Ebertz,1998-10-18,3,1345594627,54465 Russell Terrace,1406,pebertz6p@ucoz.com,9187867032
2,Gaby,Roskrug,2006-09-04,1,1511296103,3712 Shopko Court,1006,groskrug6q@mail.ru,6732077516
2,Happy,Mostin,1992-10-27,3,1077328597,40045 Rusk Avenue,303,hmostin6r@about.com,3486919736
1,Donelle,Bensen,1984-05-18,3,1074630188,66005 Graedel Street,303,dbensen6s@apple.com,6524454532
1,Thebault,Mebes,1998-09-01,1,1534047341,1790 Weeping Birch Avenue,1814,tmebes6t@bandcamp.com,4479526375
1,Darline,Bedinn,1995-03-25,2,1418972160,99862 Darwin Circle,207,dbedinn6u@phpbb.com,8837776099
1,Aubrette,Raffles,1999-10-23,1,1160034678,89901 Northland Road,1781,araffles6v@icio.us,8262281324
1,Harmon,Wordsley,1963-05-26,1,1135352109,760 Lien Plaza,1207,hwordsley6w@freewebs.com,2639963798
2,Shirlene,Le Gall,1967-08-19,3,1592010175,74 Scott Parkway,1006,slegall6x@squarespace.com,7823455171
2,Ginny,Baiyle,1951-12-02,1,1015424279,4826 6th Street,1781,gbaiyle6y@businesswire.com,8616347670
2,Averill,Foulks,1981-06-23,2,1136369088,11239 Golden Leaf Road,802,afoulks6z@storify.com,1553853360
2,Tabor,Larroway,2009-09-22,2,1488419890,98 Florence Lane,1781,tlarroway70@wiley.com,4458260644
2,Tuck,Botger,1965-04-12,3,1557497665,724 Schiller Terrace,1981,tbotger71@yale.edu,7063816535
1,Maxie,Chinnock,1986-05-29,2,1172865402,146 Homewood Circle,802,mchinnock72@webmd.com,7463363750
1,Ruben,Hein,2003-12-05,1,1217662104,28788 Golden Leaf Terrace,1981,rhein73@jalbum.net,7996457292
2,Corella,Hought,1953-02-01,3,1257861535,01 Old Shore Way,1006,chought74@chronoengine.com,4705888300
1,Minerva,Ellen,1981-03-23,3,1323497919,29 Golf View Court,2297,mellen75@adobe.com,7229140038
1,Walther,Daughtrey,1974-06-21,1,1333985794,60876 Kensington Plaza,1406,wdaughtrey76@biblegateway.com,8017351069
2,Madlen,Free,1974-04-09,1,1090021036,237 Shasta Crossing,207,mfree77@tinypic.com,6531622093
1,Marlyn,Beernaert,1959-04-20,2,1163198555,20 Dwight Hill,1814,mbeernaert78@fda.gov,5199361606
1,Michel,Yablsley,1980-10-06,2,1111078219,80213 Thompson Way,207,myablsley79@answers.com,2812249920
1,Rhys,Ogilvy,1981-03-12,1,1412126703,57 Northport Alley,207,rogilvy7a@tinypic.com,5393959667
1,Rockie,Clay,1998-06-15,1,1302944931,63288 Prentice Way,1981,rclay7b@prweb.com,6603477078
2,Auberta,Baltrushaitis,1962-10-01,2,1290548285,1 Kenwood Parkway,1781,abaltrushaitis7c@acquirethisname.com,9807338983
2,Aguistin,Medland,1961-11-08,1,1122403809,03 Thompson Hill,802,amedland7d@google.cn,5667566873
2,Lavena,Hub,1984-04-01,3,1366023745,92 Victoria Crossing,2297,lhub7e@goo.ne.jp,8199487641
2,Harwell,Gillcrist,1965-11-16,1,1550359062,7710 Canary Drive,1006,hgillcrist7f@smh.com.au,3978275933
1,Glenn,Cutts,1951-04-10,2,1268315440,23932 Carberry Plaza,207,gcutts7g@nasa.gov,5565414051
2,Katusha,Muggleton,1962-10-05,3,1449736478,4 Vermont Alley,1981,kmuggleton7h@g.co,2169871942
1,Julian,Exall,1962-04-14,2,1331991893,3 Saint Paul Place,303,jexall7i@google.nl,7216367704
2,Kassey,Lownsbrough,1977-02-06,3,1304019310,2227 Fallview Park,1406,klownsbrough7j@google.fr,6426402629
2,Frayda,Glyn,2004-05-27,2,1179695319,42210 Shelley Crossing,303,fglyn7k@woothemes.com,5511988248
2,Verney,Osipov,1982-06-16,3,1438470894,2964 Atwood Pass,1006,vosipov7l@unicef.org,9419420921
1,Shepperd,Sharer,1976-09-11,2,1302084645,282 Lawn Place,207,ssharer7m@mapquest.com,5285052736
1,Cynthy,Haydn,1990-09-29,2,1524896984,7783 Welch Place,1814,chaydn7n@webeden.co.uk,9376654769
2,Cly,Outerbridge,1999-07-16,2,1381591784,78220 Lakewood Drive,303,couterbridge7o@furl.net,2002924931
1,Clara,Connechie,1976-12-24,1,1325840935,32456 Rockefeller Crossing,207,cconnechie7p@wikimedia.org,5354711641
2,Ilsa,Spacey,1970-12-13,3,1527000873,2275 Caliangt Center,1207,ispacey7q@macromedia.com,6626554618
1,Rogerio,Joscelin,1952-04-14,2,1300114861,9088 Elka Way,1981,rjoscelin7r@usatoday.com,6733590017
2,Tana,Pilley,1970-12-17,2,1206284816,2 Dahle Lane,2297,tpilley7s@baidu.com,7081489882
2,Merci,Mailes,1972-01-26,2,1346578620,42649 Waywood Junction,1207,mmailes7t@cbc.ca,8927203826
1,Findley,Moquin,1998-10-18,1,1249946384,29732 Elgar Way,207,fmoquin7u@etsy.com,2778743647
1,Dreddy,Dillimore,2011-08-18,2,1285670894,1 Moulton Lane,1207,ddillimore7v@goo.gl,3938753454
1,Maura,Plowes,1981-09-29,1,1462624144,9556 Granby Alley,1781,mplowes7w@biblegateway.com,9525170161
1,Conni,Blackwell,1999-04-23,1,1332443478,778 Dixon Drive,1781,cblackwell7x@nps.gov,9505467580
1,Marci,Vivers,2011-01-10,3,1128272595,81 Continental Point,1207,mvivers7y@nytimes.com,8271280620
1,Dionne,Olivera,1958-12-26,2,1559466913,76237 Linden Circle,1207,dolivera7z@gnu.org,6248882083
2,Vlad,D'Angeli,1964-05-04,2,1318155126,0416 Arkansas Lane,1814,vdangeli80@about.com,9202608453
1,Marget,Buff,1963-08-30,2,1169854968,07 Basil Way,1814,mbuff81@netlog.com,8716981034
2,Regine,Sherbourne,2003-01-13,1,1183923618,7950 Bartillon Junction,1981,rsherbourne82@chronoengine.com,1354444426
2,Aubrette,Muncie,1989-04-17,3,1405340369,77648 Sunbrook Way,1006,amuncie83@ftc.gov,4027563381
2,Ardelia,Yanne,2011-06-06,1,1454488576,77768 Anniversary Trail,1981,ayanne84@independent.co.uk,6709896429
2,Donna,Endrizzi,1967-08-05,2,1085557233,2 Rowland Circle,1981,dendrizzi85@shinystat.com,1698439943
2,Allx,Gluyus,1980-06-08,2,1185031858,57281 Muir Parkway,1406,agluyus86@360.cn,9778891053
2,Candace,Wysome,1968-10-07,3,1350370552,83 Mifflin Court,1814,cwysome87@ebay.com,4743965314
1,Claude,Rawsthorne,2001-05-25,1,1149873627,71 Heffernan Park,1406,crawsthorne88@nasa.gov,8707848187
1,Marthe,De Francisci,2009-06-08,3,1231090856,35630 Hoepker Drive,1006,mdefrancisci89@npr.org,1471772762
1,Reginald,Yurivtsev,1981-06-15,2,1296121183,2720 Prairie Rose Alley,802,ryurivtsev8a@dailymail.co.uk,4526384076
1,Orlando,Davidovitch,2000-03-24,3,1208376381,77 Lien Circle,1406,odavidovitch8b@instagram.com,3174245096
1,Robinson,Isaacs,1965-07-23,1,1398264475,8082 Lakewood Lane,1781,risaacs8c@microsoft.com,3194325761
1,Aaron,Perch,2000-12-14,1,1002927512,3915 Melvin Road,1814,aperch8d@howstuffworks.com,5259712160
2,Merralee,Bromet,1979-02-17,1,1495957330,6 3rd Drive,303,mbromet8e@amazon.com,2289850245
1,Rabi,Eronie,1954-12-01,3,1278677632,5 Chinook Way,303,reronie8f@shareasale.com,6323573906
1,Ethelyn,Ridehalgh,1978-07-23,3,1107000587,27026 Reindahl Court,207,eridehalgh8g@drupal.org,4043252914
1,Kissiah,Colhoun,1991-10-01,3,1008032946,85924 Chinook Junction,802,kcolhoun8h@zdnet.com,7584727879
2,Tasia,Van't Hoff,1988-08-29,1,1121088971,79139 Hoepker Lane,1006,tvanthoff8i@wiley.com,7014690893
2,Pris,Bourges,2008-01-28,3,1430322706,80 Corry Avenue,1781,pbourges8j@themeforest.net,3692306966
2,Deanne,MacLaig,1995-08-31,1,1144558720,1 La Follette Terrace,303,dmaclaig8k@ovh.net,1726156868
1,Hanni,Banck,2000-12-12,2,1410535247,1 Jay Crossing,207,hbanck8l@furl.net,1281114842
2,Eli,Lattimore,1983-04-23,3,1189823332,7 Gulseth Crossing,1207,elattimore8m@yale.edu,7035079630
2,Clo,Junes,2009-03-27,3,1394940944,9 Bellgrove Street,802,cjunes8n@vkontakte.ru,8751571975
2,Robinson,McNae,1977-02-12,1,1063876991,2644 Old Gate Circle,1781,rmcnae8o@dell.com,7453292383
1,Cully,Jaffra,1959-11-18,3,1599935534,11 Florence Junction,1006,cjaffra8p@php.net,3249832210
2,Will,Prozillo,1981-04-27,3,1168074893,2335 Holy Cross Avenue,1781,wprozillo8q@pbs.org,3252334683
2,Myrtice,Lukas,1957-06-06,1,1186349085,13 Algoma Circle,1006,mlukas8r@wufoo.com,3521592692
2,Anatollo,Sheals,1991-06-26,3,1160463651,6 Merry Terrace,2297,asheals8s@discuz.net,5363360655
2,Reiko,Prettejohns,1951-08-14,3,1250479560,0880 Sachtjen Way,1406,rprettejohns8t@sakura.ne.jp,5222628547
2,Ambrose,Castellet,1980-03-02,2,1001445138,5279 Chinook Terrace,1207,acastellet8u@wired.com,7802181487
2,Anna-diana,Eisikowitz,1963-05-30,2,1067678553,79 Mayfield Junction,1814,aeisikowitz8v@usnews.com,1164695321
2,Boris,Huddy,1953-08-14,3,1246903276,27374 Canary Lane,1981,bhuddy8w@cmu.edu,3278022913
1,Major,Musslewhite,1990-12-12,2,1592034720,790 Judy Plaza,1006,mmusslewhite8x@uol.com.br,4157245859
2,Glynn,Kobes,1991-05-19,3,1080027466,774 Golf Trail,1814,gkobes8y@surveymonkey.com,1591979699
2,Tracie,De Witt,1984-06-17,3,1108468867,29 Ridgeview Avenue,1006,tdewitt8z@springer.com,4757301862
1,Sapphire,Oventon,1989-09-01,2,1534490373,55235 Coolidge Pass,1006,soventon90@about.me,4203823595
1,Leonerd,Esh,1984-02-25,3,1314213090,27816 Quincy Hill,802,lesh91@latimes.com,2292920093
1,Thorin,Gregon,1993-10-29,1,1578892537,48034 Killdeer Street,1981,tgregon92@zdnet.com,6472919947
2,Woodrow,MacBarron,1992-09-29,3,1015618037,84940 Saint Paul Terrace,2297,wmacbarron93@independent.co.uk,4006433745
2,Rachael,Brownlea,1950-11-15,1,1286267291,4822 Gerald Terrace,2297,rbrownlea94@time.com,3242541008
2,Phylis,Ernke,2002-07-16,1,1092821926,296 Saint Paul Avenue,303,pernke95@pbs.org,7442993813
1,Zebedee,Irce,1956-12-02,2,1001754570,88455 Schurz Parkway,207,zirce96@marketwatch.com,7926860526
1,Nicko,Erdes,1965-03-02,2,1106156166,83 Clemons Plaza,802,nerdes97@xinhuanet.com,9085824418
1,Jarid,Troutbeck,1979-07-17,2,1576037008,656 Quincy Point,1006,jtroutbeck98@cargocollective.com,1162677528
1,Fonsie,Klemke,1976-04-14,3,1550147098,5 Valley Edge Park,1814,fklemke99@dion.ne.jp,5806970863
1,Gay,Maingot,1979-01-05,3,1394257746,73 Hovde Street,1406,gmaingot9a@xinhuanet.com,6021509621
2,Alair,Overlow,2001-12-31,3,1301351033,28778 Crescent Oaks Court,1207,aoverlow9b@diigo.com,6567918426
1,Colline,Skitch,1986-09-09,2,1075718519,56368 Lawn Center,207,cskitch9c@amazon.co.uk,5852073652
1,Albertine,Foystone,1971-06-15,1,1355869198,45 Pennsylvania Alley,207,afoystone9d@tumblr.com,1066416102
2,Dehlia,Cosins,1994-02-13,3,1408849890,9060 Calypso Place,1981,dcosins9e@java.com,3074187121
2,Rey,Lambertz,1964-07-04,1,1120324553,7 International Hill,1207,rlambertz9f@about.me,4481412619
1,Justina,Jagg,1953-10-09,2,1328106498,0367 Holy Cross Street,207,jjagg9g@netlog.com,7609030631
2,Danna,Connett,2007-09-13,2,1349183578,4 Magdeline Parkway,1781,dconnett9h@booking.com,7283211153
1,Isiahi,Shropshire,1965-12-06,3,1286300286,115 Scofield Trail,1207,ishropshire9i@blogtalkradio.com,8813290418
1,Hakim,Wickens,1959-03-29,2,1201281600,7 Helena Center,2297,hwickens9j@desdev.cn,3172867759
2,Josias,Dunkirk,1989-03-27,3,1440577790,10 Crescent Oaks Street,1981,jdunkirk9k@xing.com,2151720670
2,Federica,Sprague,1981-06-17,1,1180800614,3 Mayer Way,1406,fsprague9l@engadget.com,4558355554
2,Cammi,Hitzke,1976-05-11,1,1482899616,0 Victoria Road,1006,chitzke9m@cam.ac.uk,8438269630
1,Annamarie,Murcutt,1958-05-08,3,1073295508,6 Hoffman Park,2297,amurcutt9n@spotify.com,4333855598
2,Granthem,Izen,1995-09-23,1,1389602288,833 Ruskin Crossing,2297,gizen9o@hostgator.com,2623333886
1,Latashia,Bushill,1956-09-06,1,1594537427,04 Lyons Circle,1406,lbushill9p@myspace.com,2922318463
2,Ethelbert,Wiffen,1970-07-19,3,1356156769,42 Swallow Circle,2297,ewiffen9q@is.gd,4182049698
1,Terrie,Fosbraey,2006-10-17,3,1101474876,4036 Messerschmidt Terrace,1781,tfosbraey9r@craigslist.org,9398471322
1,Milissent,Dominetti,1971-01-08,1,1278267443,39801 4th Trail,1006,mdominetti9s@ameblo.jp,1595557382
2,Luther,Duffil,1993-09-27,1,1599475543,5 Larry Lane,1981,lduffil9t@go.com,5552904052
1,Carmelle,Kamall,2010-08-27,3,1400348465,36 Jenifer Terrace,802,ckamall9u@google.co.uk,1319101029
1,Keary,Busson,1977-03-19,1,1599874989,888 Gateway Road,1406,kbusson9v@vimeo.com,2412715849
1,Eziechiele,Bladge,1961-02-04,3,1421155309,9 Mockingbird Lane,303,ebladge9w@wikia.com,3555356943
1,Adey,Batalini,1973-04-30,3,1546311580,9472 Glacier Hill Court,1981,abatalini9x@home.pl,4073014920
1,Carolyne,Lourenco,1966-12-19,3,1248414740,902 Grim Center,207,clourenco9y@jimdo.com,9541361629
1,Bengt,Haggie,1978-08-09,3,1297860778,387 Charing Cross Road,2297,bhaggie9z@free.fr,1934856269
2,Lila,Defew,1976-11-20,3,1328570453,67 Claremont Lane,1406,ldefewa0@abc.net.au,6436454101
2,Shelden,Orum,1973-07-15,2,1189559812,1987 Upham Pass,2297,soruma1@goo.ne.jp,1627854433
2,Trixie,Wasmer,1977-12-22,2,1322093271,22 Green Ridge Avenue,1981,twasmera2@disqus.com,7157210902
1,Raynell,Furmedge,2006-04-30,1,1370898912,3 Mayfield Court,207,rfurmedgea3@sogou.com,5017378734
2,Barron,Scarrisbrick,2000-07-12,1,1252205401,24 Holmberg Park,802,bscarrisbricka4@quantcast.com,5687861308
1,Cristine,Parton,1990-08-05,1,1384151301,0774 Lerdahl Lane,2297,cpartona5@hubpages.com,8133385618
1,Rianon,Cosbee,1961-05-14,1,1046728529,85 Dottie Pass,802,rcosbeea6@paypal.com,3682699483
2,Katee,Rumble,1977-07-27,1,1559450155,06 Eastwood Place,802,krumblea7@archive.org,3442284785
1,Emyle,Bernaldez,1999-07-28,3,1320643819,767 Eastwood Terrace,802,ebernaldeza8@bluehost.com,4331173874
2,Chandal,O' Neligan,1973-03-10,2,1045261726,4275 Merrick Hill,1781,coneligana9@over-blog.com,6599075990
2,Sarina,Hefferan,1979-12-25,3,1487871155,78 Declaration Street,1006,shefferanaa@pinterest.com,6445109816
2,Thorvald,Varne,1983-08-11,1,1276398769,82087 Ruskin Parkway,802,tvarneab@ucoz.ru,2995974545
2,Mollee,Kighly,1974-06-16,2,1088698665,001 La Follette Avenue,1981,mkighlyac@miitbeian.gov.cn,4237084753
2,Chelsae,Daymond,1999-03-29,1,1351999882,44615 Golf Course Terrace,802,cdaymondad@cornell.edu,3529793218
1,Cordey,Raspison,1994-06-11,2,1229451239,8634 Brentwood Lane,2297,craspisonae@youku.com,3311623250
2,Ardith,Hathway,1986-11-12,2,1571700916,55500 Tennessee Trail,1207,ahathwayaf@virginia.edu,1226578956
2,Isabella,Beekman,1955-01-18,1,1051451683,91 Stuart Street,802,ibeekmanag@vinaora.com,5843125925
1,Brewer,Batcock,1973-08-04,1,1514865391,5736 Northridge Avenue,1207,bbatcockah@comsenz.com,2585420944
1,Baldwin,Tivers,1968-07-01,1,1113508611,20 Northwestern Park,2297,btiversai@huffingtonpost.com,4111620590
2,Pegeen,Stanyland,1961-09-19,1,1588599361,6416 Knutson Park,2297,pstanylandaj@google.ca,3706570316
1,Bianka,Slobom,2007-12-20,1,1125866900,5 Moose Parkway,1406,bslobomak@vimeo.com,4497376761
2,Donna,Rich,1999-06-27,2,1556120290,955 Reindahl Avenue,1406,drichal@goodreads.com,3074636769
2,Jonie,Maplethorp,1957-05-02,1,1003556776,6 Fordem Point,207,jmaplethorpam@opensource.org,1006452285
1,Brynna,McKennan,1985-05-26,2,1219421667,7237 Pine View Circle,2297,bmckennanan@si.edu,5196742232
2,Muhammad,Fforde,1959-10-03,3,1463322415,35 Cordelia Junction,207,mffordeao@skype.com,9876810735
1,Aubert,Sibbson,1985-09-12,3,1278081041,7 Vernon Street,1406,asibbsonap@youtu.be,4902291080
2,Babbie,Peeter,1999-12-23,1,1383091131,5 Sauthoff Point,1981,bpeeteraq@icio.us,6088825677
1,Jerrilyn,Kroin,1985-03-12,1,1008612066,3430 Coleman Trail,303,jkroinar@usatoday.com,6923511209
2,Eldridge,Wallach,1952-09-13,3,1498796430,19 Anthes Alley,303,ewallachas@dyndns.org,2896526590
1,Davida,Cartmell,2002-06-17,2,1048471619,26 Nova Hill,1406,dcartmellat@cam.ac.uk,5994684068
1,Trescha,Scarre,2010-11-15,2,1444107404,9 Northport Place,1814,tscarreau@cornell.edu,1813686100
1,Homerus,Finan,1990-07-12,3,1460039847,69162 Acker Alley,1406,hfinanav@hc360.com,3818200697
1,Enrica,Marc,1971-03-06,3,1212236474,565 Vidon Hill,1406,emarcaw@ameblo.jp,8188424156
1,Zared,Jirieck,1963-09-16,1,1367985464,621 Mandrake Alley,802,zjirieckax@phoca.cz,2851692549
1,Dolli,Lubbock,1984-01-07,1,1306961519,28 Express Crossing,2297,dlubbockay@spiegel.de,5658492283
1,Ryan,Matzl,1985-12-06,3,1582789090,78446 Hoepker Junction,1981,rmatzlaz@smh.com.au,6231666050
1,Lonnie,Skill,2011-10-12,1,1284861985,95 Division Avenue,1981,lskillb0@artisteer.com,1562318077
2,Persis,Wordsworth,2003-03-19,2,1551870401,6 Main Street,1781,pwordsworthb1@sun.com,4396075170
2,Roxane,Rowly,1974-08-22,1,1282822609,007 Pankratz Lane,303,rrowlyb2@fotki.com,1017223928
2,Jolene,Atter,1971-02-18,1,1352724702,43550 Erie Road,1981,jatterb3@nasa.gov,2025642060
1,Maddy,Kensley,2006-05-13,2,1232784795,67 Thierer Junction,1981,mkensleyb4@addtoany.com,7957856151
2,Leelah,Taggett,2006-02-27,2,1443203389,2268 Browning Crossing,1207,ltaggettb5@un.org,2023428738
2,Gayel,Richen,1966-01-25,1,1394415120,4 Elgar Terrace,802,grichenb6@amazon.co.jp,6412497692
2,Marven,Sallans,2009-10-25,3,1518249703,70 Esch Street,207,msallansb7@csmonitor.com,8529413915
1,Fianna,Tumpane,2010-05-21,3,1471469820,99726 Cardinal Street,207,ftumpaneb8@psu.edu,8218668398
1,Siouxie,Petzolt,2004-08-02,1,1218851487,6 Bartelt Alley,303,spetzoltb9@e-recht24.de,5929621924
1,Mollee,Cordey,1976-03-30,2,1434803200,0 Sutherland Point,207,mcordeyba@goodreads.com,3109129951
1,Lorri,Toupe,2008-11-26,2,1437541190,6030 Merrick Pass,802,ltoupebb@nymag.com,7544588088
2,Lannie,Suddards,1958-05-09,1,1405947475,81 Monument Hill,1781,lsuddardsbc@apple.com,8542071534
2,Shandra,Andriveau,1956-10-25,3,1022704131,58 Vidon Way,2297,sandriveaubd@symantec.com,1786104743
1,Celina,Canton,2001-10-16,3,1177899173,5 Lunder Parkway,1981,ccantonbe@bluehost.com,6221929002
1,Tarra,Groocock,1975-07-17,3,1558518997,7297 Haas Alley,1006,tgroocockbf@flickr.com,3717790191
2,Farlay,Cumberbatch,1991-04-27,2,1110504342,192 Old Gate Place,1207,fcumberbatchbg@gnu.org,8479859701
1,Lonnard,Hellyer,1968-05-10,3,1320658069,92446 Hooker Court,303,lhellyerbh@huffingtonpost.com,1454673766
1,Cori,Standfield,1996-03-13,1,1582316239,61 Blue Bill Park Court,1406,cstandfieldbi@nature.com,4824488532
1,Beryle,Casazza,1980-05-02,1,1111583148,2984 Arapahoe Hill,207,bcasazzabj@hhs.gov,5547070307
1,Padraic,Agutter,1960-07-31,1,1508404393,317 Menomonie Park,1207,pagutterbk@cornell.edu,1737612258
2,Brittaney,Boatwright,1955-11-10,2,1134917160,36572 Moland Crossing,1981,bboatwrightbl@craigslist.org,2374955867
2,Allayne,Fransson,1972-06-06,3,1500008061,560 Hollow Ridge Trail,207,afranssonbm@pagesperso-orange.fr,3862512756
2,Alanah,Paoloni,1961-10-25,1,1122364262,65 Ridgeway Alley,2297,apaolonibn@europa.eu,4225928297
2,Constanta,Romaines,2003-01-18,2,1442244862,09 Rowland Court,207,cromainesbo@spotify.com,7278527207
2,Sadella,Benadette,2007-03-11,1,1418503493,62 Laurel Way,303,sbenadettebp@github.io,7863481420
2,Adelaide,Stannard,1977-12-04,2,1174734316,039 Bluejay Drive,1006,astannardbq@tamu.edu,4919742293
1,Clarine,Daouse,1952-12-04,1,1156370062,17465 Bellgrove Junction,1981,cdaousebr@typepad.com,3709992659
1,Archibald,Nugent,2002-08-04,2,1193135247,4 Goodland Terrace,1981,anugentbs@dropbox.com,4137870138
2,Rodie,Gettins,1981-05-02,3,1101589271,939 Shopko Road,303,rgettinsbt@mit.edu,9983411875
1,Shurwood,Feldman,1997-10-14,2,1226733915,0 Iowa Street,802,sfeldmanbu@webs.com,4333805021
2,Minna,Playfoot,1982-06-27,1,1254528889,62538 Union Parkway,303,mplayfootbv@sbwire.com,7419516362
2,Afton,Childes,1979-12-17,2,1399621754,70 Hintze Way,303,achildesbw@nba.com,9048803448
2,Lodovico,Gealle,2003-07-14,1,1075176876,2 Sunnyside Pass,303,lgeallebx@umn.edu,4859092849
2,Rea,Wilshere,1964-09-03,3,1325718588,5401 Golf Course Pass,1207,rwilshereby@cornell.edu,6652065035
1,Sinclare,Snoad,2004-07-07,3,1264980122,45 Sullivan Avenue,303,ssnoadbz@wikia.com,4987213869
1,Hobart,Giannassi,1970-03-10,2,1174700557,21518 Troy Court,303,hgiannassic0@dedecms.com,2783569769
2,Elmore,Hordell,1982-05-22,1,1448326254,6 Glacier Hill Terrace,1406,ehordellc1@goo.ne.jp,4703709532
1,Brena,Boniface,2006-09-27,1,1055108326,7161 Arkansas Pass,207,bbonifacec2@usda.gov,5521053635
1,Regen,Galea,1950-12-29,3,1317922379,33796 Schmedeman Center,2297,rgaleac3@nsw.gov.au,9019222411
1,Gradey,Ramsby,1954-05-03,1,1383251521,5 Sunfield Drive,303,gramsbyc4@about.me,7136761022
2,Claresta,Togwell,1954-04-14,3,1256588058,14 Oak Valley Lane,802,ctogwellc5@smh.com.au,8657013905
1,Martainn,Marchenko,1950-09-29,3,1147048447,6277 Hovde Pass,1781,mmarchenkoc6@typepad.com,2955011129
2,Kakalina,Thay,1981-09-07,3,1172484096,38 Corben Hill,1981,kthayc7@uiuc.edu,3487274639
1,Melisande,Sparke,1983-07-03,3,1475158960,05121 Orin Center,1006,msparkec8@tiny.cc,6085302470
1,Tandie,Rivelin,1953-06-10,1,1404386125,240 Everett Parkway,1406,trivelinc9@last.fm,6879778144
2,Winny,Falla,1966-12-10,1,1289485056,415 Debra Hill,1981,wfallaca@github.io,8947117302
2,Dulsea,Fairburn,1959-12-16,1,1004518692,004 Texas Hill,802,dfairburncb@adobe.com,9507426007
1,Meade,Ryton,1955-07-07,3,1312194962,79 Sutherland Terrace,2297,mrytoncc@tinypic.com,6231527424
2,Eberhard,Peyton,1980-12-06,3,1447613577,9679 Express Road,1406,epeytoncd@wisc.edu,3578739455
2,Gale,Duffie,1986-06-13,1,1097299506,41872 Merry Park,1781,gduffiece@bloglines.com,9905798793
1,Janella,Mushrow,1966-08-27,1,1590251526,1450 Riverside Trail,1006,jmushrowcf@google.it,7936290330
2,Correna,Pordal,1963-03-20,2,1148096966,13293 Bultman Pass,1006,cpordalcg@salon.com,1159918291
2,Myrle,Diprose,1968-10-10,3,1291314600,20 Sauthoff Terrace,1981,mdiprosech@webmd.com,9235648545
1,Tracey,Pittson,1965-02-14,1,1264218261,300 Bay Pass,1981,tpittsonci@bing.com,2078855342
1,Gusella,Dockrey,1987-02-09,2,1412822645,37 Clove Terrace,1406,gdockreycj@yale.edu,3339820575
2,Robers,Godwyn,1952-05-18,1,1498049119,5308 Dunning Pass,207,rgodwynck@boston.com,9222003985
1,Francene,Templeton,2003-01-25,1,1446027761,76935 Sheridan Junction,1406,ftempletoncl@yandex.ru,1199393668
1,Guenevere,Gracey,2004-03-02,3,1243985786,49109 Shasta Terrace,303,ggraceycm@scribd.com,7013289973
1,Roy,Conybear,1954-03-04,2,1106430542,141 Anthes Pass,303,rconybearcn@imageshack.us,3153386713
2,Luciano,Newcom,2010-04-20,2,1346678139,3 Westerfield Place,303,lnewcomco@upenn.edu,2979868132
2,Marylou,Martignoni,1954-05-15,3,1046813142,07 Kennedy Hill,1814,mmartignonicp@yale.edu,5854553078
2,Marietta,Mowday,1969-04-18,2,1337407721,19025 Eggendart Crossing,1981,mmowdaycq@amazon.co.uk,5415452330
1,Rhiamon,Le Marquis,1962-06-07,3,1262887927,5 Cambridge Avenue,1207,rlemarquiscr@tamu.edu,8642972267
1,Gennie,Konke,1981-07-03,3,1295487064,50 Amoth Point,1207,gkonkecs@privacy.gov.au,3294994927
1,Osmund,Kloska,1976-09-24,1,1510437684,6071 Springview Terrace,303,okloskact@devhub.com,5601051603
1,Sawyer,Bluck,1986-04-11,3,1114859474,4 Loftsgordon Avenue,1406,sbluckcu@a8.net,6148509475
2,Yanaton,Breckenridge,2003-09-18,3,1496505577,22748 Goodland Place,1207,ybreckenridgecv@constantcontact.com,4206903136
1,Muffin,Boulton,1983-05-01,2,1361085071,8192 Packers Way,802,mboultoncw@mysql.com,6397876868
1,Emmery,Scarre,1985-02-11,2,1488904221,03162 Darwin Avenue,1207,escarrecx@examiner.com,4158808716
2,Merlina,Schimmang,1989-12-08,2,1153734545,6057 Tennyson Avenue,1981,mschimmangcy@army.mil,5389367407
2,Ashly,Cook,1970-11-11,3,1018009980,92 Old Shore Plaza,303,acookcz@elegantthemes.com,1365486386
2,Cyb,Wackett,1959-07-28,2,1465118892,668 Lillian Avenue,1406,cwackettd0@canalblog.com,9221786810
1,Adelaide,Bedlington,1976-05-04,3,1086523144,7553 South Crossing,1406,abedlingtond1@bbb.org,6703200483
2,Robinson,Sone,1994-03-12,1,1427670465,8 Packers Crossing,1406,rsoned2@dmoz.org,3382795143
1,Tucky,Oxtoby,2010-04-28,2,1335471051,03 Rowland Place,1814,toxtobyd3@wikipedia.org,9349344915
2,Dniren,Mainstone,1954-04-04,2,1058641650,11 Arrowood Alley,802,dmainstoned4@un.org,7203548920
2,Tamara,Parsley,1962-09-30,1,1164001539,9 Fairview Street,1981,tparsleyd5@simplemachines.org,7906278544
2,Elsworth,Meagher,1962-12-03,1,1058135538,2 Straubel Avenue,1006,emeagherd6@ning.com,3092195540
1,Vilma,Lemerle,1981-10-25,2,1388511766,96 Kensington Alley,207,vlemerled7@aol.com,1224058581
1,Hendrika,Bonniface,1999-06-01,1,1417781964,55 Summerview Lane,1781,hbonnifaced8@e-recht24.de,3178328406
2,Carmella,Pallatina,1972-10-28,2,1442681877,12 High Crossing Place,207,cpallatinad9@amazon.co.uk,7667540957
1,Aguste,Shakelade,1999-11-22,1,1527308912,06 Gale Road,207,ashakeladeda@gravatar.com,4764698326
1,Sherye,Romanetti,2008-01-27,3,1095276695,268 Clove Hill,303,sromanettidb@cpanel.net,4347780388
1,Zak,Plester,2001-12-21,3,1508628818,28 Northland Drive,1207,zplesterdc@canalblog.com,1357745651
2,Kendell,Bezemer,1978-05-03,2,1111275189,54147 Buell Center,2297,kbezemerdd@kickstarter.com,3135803520
2,Foss,Wooding,2003-09-07,2,1552049339,6416 Prentice Avenue,1814,fwoodingde@free.fr,9098094125
2,Daren,Weatherhill,1980-06-26,1,1095797436,2666 Bashford Junction,1981,dweatherhilldf@kickstarter.com,2085047359
2,Ray,Pic,1953-08-11,3,1547387401,4 Colorado Point,2297,rpicdg@e-recht24.de,7598937032
1,Palmer,Spenceley,1998-07-08,2,1072560156,306 Eastwood Trail,802,pspenceleydh@go.com,9333058438
2,Vivia,Wimpress,1999-05-06,2,1571410696,29 Rusk Point,207,vwimpressdi@ucoz.ru,7671998470
1,Maxim,Gogan,1989-03-26,3,1476469823,29879 Memorial Drive,1207,mgogandj@eventbrite.com,4067614973
1,Leif,Roscamps,1966-10-14,3,1448311236,7 Nevada Park,207,lroscampsdk@google.nl,4117221131
2,Ailbert,Whitton,1988-04-20,3,1433126706,055 Towne Parkway,207,awhittondl@smh.com.au,4392834144
1,Joellen,Mardlin,2006-09-12,1,1485287144,53 Schiller Park,1207,jmardlindm@theatlantic.com,6195365497
1,Worthington,Goomes,2005-03-08,2,1151839576,18023 Lighthouse Bay Point,1006,wgoomesdn@fotki.com,2792867116
1,Cassy,Roddell,1967-10-07,3,1421766256,622 Pearson Place,303,croddelldo@wikia.com,7488749003
1,Claire,Deadman,2002-05-09,1,1174722116,171 Grasskamp Plaza,1406,cdeadmandp@dyndns.org,9665863785
2,Douglas,Laffling,2008-05-07,2,1378218287,72 Oak Valley Junction,802,dlafflingdq@icio.us,9488044025
2,Travers,Cutforth,1968-01-24,2,1581286850,1 Ridgeview Road,2297,tcutforthdr@cnbc.com,6273804859
1,Bonnee,Peet,1960-03-22,1,1126702224,406 Texas Trail,2297,bpeetds@constantcontact.com,1321312643
1,Paxon,Blinkhorn,2002-12-08,2,1585849353,343 Melody Avenue,1006,pblinkhorndt@mac.com,2386922760
1,Erhard,Sicha,1989-12-22,2,1456125589,16065 Sherman Way,1207,esichadu@biblegateway.com,9978615047
1,Vonnie,Chmiel,1993-04-03,2,1361696062,156 Bashford Place,1781,vchmieldv@reuters.com,5118974632
1,Alvin,Fomichyov,1973-08-24,2,1091078864,588 Express Avenue,1207,afomichyovdw@de.vu,9826756111
2,Lorianna,Tuffrey,1955-05-10,3,1049861997,03 Clove Alley,1781,ltuffreydx@wikipedia.org,6152069080
2,Chiquia,Fardoe,1986-05-31,2,1587675816,69 Sycamore Terrace,802,cfardoedy@arizona.edu,9994414011
1,Matthiew,Muff,2007-04-12,1,1299760892,6113 Oakridge Trail,1781,mmuffdz@wikimedia.org,6969044758
1,Wiatt,Jirak,1974-08-03,2,1525333051,9496 Colorado Court,207,wjirake0@de.vu,2671048465
2,Jo,Badrock,2002-01-27,3,1074272150,09966 Larry Center,1006,jbadrocke1@dropbox.com,1793078478
2,Isabel,O'Lennachain,2002-07-24,1,1047816671,40 Thackeray Center,1781,iolennachaine2@nasa.gov,7473473362
2,Irwin,Ardron,2001-05-31,1,1356324916,27 Fallview Terrace,1006,iardrone3@xinhuanet.com,5931092097
1,Manny,Baynon,1963-04-07,2,1540238464,3 Buell Drive,207,mbaynone4@quantcast.com,1641008295
1,Reagen,Ferreri,1978-11-17,1,1372687099,61 Fairfield Way,1406,rferrerie5@mit.edu,6742798201
1,Drusie,Haslam,2003-05-02,3,1177637906,9 Boyd Hill,1814,dhaslame6@google.com.au,6573121638
2,Corly,Levecque,1994-10-29,2,1120802082,5425 Toban Place,802,clevecquee7@discovery.com,1227531959
1,Amy,Hatfield,1992-09-21,2,1191604990,61775 Birchwood Parkway,1406,ahatfielde8@amazon.co.uk,2137369761
1,Pavla,Hearnden,1982-02-11,2,1463054153,78 La Follette Drive,1406,phearndene9@economist.com,2102916253
2,Heriberto,Buddles,1982-08-15,2,1278751974,467 Kinsman Hill,1006,hbuddlesea@mozilla.org,5974971472
2,Frederick,Mann,1975-10-12,3,1045918457,17 Hoepker Road,1006,fmanneb@aboutads.info,3698487709
2,Dag,Eakens,2011-10-04,1,1310886041,7 Hintze Road,1981,deakensec@sogou.com,5391675475
1,Tabatha,Muscott,1960-01-30,2,1050123241,7 Karstens Court,303,tmuscotted@amazon.com,4255820762
1,Kelcey,Prattington,1987-12-07,3,1522107803,33330 Ramsey Street,207,kprattingtonee@blogspot.com,9767146178
1,Marigold,Slafford,1953-04-15,2,1247232224,911 Pond Hill,303,mslaffordef@marketwatch.com,9063800016
2,Ellynn,Lehrian,1980-12-19,2,1460328808,194 Truax Trail,207,elehrianeg@xrea.com,7796266547
1,Gavin,Milhench,2003-09-10,2,1168192096,6 Heath Junction,303,gmilhencheh@ow.ly,5037368534
1,Xerxes,Kindon,2004-12-07,2,1242673289,5746 Havey Place,1814,xkindonei@accuweather.com,6007068576
1,Sherlocke,Brunn,1953-06-24,1,1461370183,762 Sachtjen Park,802,sbrunnej@blogspot.com,9694302990
1,Chaim,Hazelhurst,1991-10-31,3,1525672683,10174 Nova Pass,1781,chazelhurstek@harvard.edu,7715998426
2,Zelda,Cadany,1964-02-10,3,1006395781,5 Crest Line Drive,1981,zcadanyel@seesaa.net,3506456761
2,Aila,Rook,1970-02-01,1,1062870931,34 Bashford Trail,1006,arookem@psu.edu,2908003293
2,Gloriane,Ughi,1960-08-21,1,1374891680,8247 Independence Road,207,gughien@fc2.com,7486344547
2,Glenn,Chancellor,2006-08-30,3,1435039665,543 Schiller Circle,1207,gchancelloreo@t.co,7231896757
2,Beverie,Vella,1989-09-13,3,1204062994,480 Lukken Terrace,1981,bvellaep@bandcamp.com,7368826764
2,Shelagh,Grayling,2011-02-03,1,1028335698,1 Jenna Circle,1981,sgraylingeq@skyrock.com,7319010066
2,Amara,Flounders,1957-01-03,2,1506955969,3 Mifflin Way,303,aflounderser@cnn.com,8864486281
1,Dulcinea,Dolden,1956-06-11,1,1379407100,70101 Eagle Crest Place,1406,ddoldenes@meetup.com,4954780528
2,Matelda,Maro,1953-01-17,2,1043673485,5 Ronald Regan Circle,207,mmaroet@sbwire.com,5634767257
2,Lyda,Sim,1980-07-20,1,1516841859,7551 Weeping Birch Alley,2297,lsimeu@plala.or.jp,1932004462
1,Vladimir,Noblett,1978-01-26,3,1263760648,1 Sherman Park,1814,vnoblettev@multiply.com,8726994442
1,Rani,Bett,1974-04-29,2,1506811152,74 Myrtle Avenue,1781,rbettew@jalbum.net,4058185124
2,Buddy,Kippin,1997-03-23,3,1424400674,265 Goodland Street,1207,bkippinex@examiner.com,3731723327
1,Rebeca,Pigot,1983-04-30,3,1384874375,7 Kensington Hill,303,rpigotey@webmd.com,6138505263
1,Morley,Webburn,1956-04-13,1,1163987727,16091 Jenna Place,1406,mwebburnez@simplemachines.org,6192917276
2,Sheila,Benettolo,2005-09-28,2,1590679962,481 Anderson Terrace,802,sbenettolof0@businessweek.com,3912871683
2,Taite,Broseke,2006-04-05,2,1251485608,985 Farmco Court,802,tbrosekef1@mashable.com,1605891784
1,Winne,Faveryear,1976-11-15,2,1317681973,2762 Del Mar Crossing,1814,wfaveryearf2@pen.io,1703098441
1,Dicky,Sainsbury,1968-03-30,3,1530051080,0315 Harbort Center,303,dsainsburyf3@shareasale.com,4661476929
1,Shari,Constanza,1964-09-29,1,1338819991,4 Anhalt Street,207,sconstanzaf4@economist.com,8619376041
2,Onofredo,Pitkeathley,1969-01-12,3,1139208458,94 Corry Park,1781,opitkeathleyf5@hibu.com,4858945339
1,Henrik,Stuffins,1964-01-20,1,1181147055,87 Union Circle,1781,hstuffinsf6@shinystat.com,4074863447
1,Rodie,Bayston,1994-12-01,2,1317864096,4 Dunning Trail,802,rbaystonf7@virginia.edu,7678234327
1,Melvyn,Glenton,1975-07-23,3,1321039723,28 Oak Valley Street,207,mglentonf8@buzzfeed.com,2405164615
1,Tamra,Vakhrushev,1972-06-14,1,1139322137,50432 Granby Road,2297,tvakhrushevf9@addtoany.com,7799987863
2,Babs,Schall,1985-07-12,2,1593999204,94 Elgar Lane,2297,bschallfa@devhub.com,1529984398
2,Toni,Maunders,1951-10-29,2,1562711378,3176 Reindahl Crossing,1981,tmaundersfb@lulu.com,9789924529
2,Jacobo,Prettyjohn,1951-11-23,2,1467732305,93820 Northland Alley,1981,jprettyjohnfc@sun.com,5458793853
1,Hobard,Bradnum,1980-11-12,3,1551388382,7868 Fordem Alley,2297,hbradnumfd@issuu.com,3398963709
1,Devy,Hevey,1954-10-01,3,1242578680,8 Southridge Alley,1981,dheveyfe@histats.com,7112211609
2,Herculie,Jiricka,1976-09-05,3,1073861320,5096 Summerview Lane,1207,hjirickaff@qq.com,9693432247
2,Livia,Blaber,1996-02-11,2,1117780959,2 Pond Way,2297,lblaberfg@marriott.com,3862588558
2,D'arcy,Northeast,1973-12-20,2,1204277094,89594 Coolidge Circle,303,dnortheastfh@mit.edu,1243230691
2,Bessy,Fynan,2004-05-15,2,1442768474,4 Bobwhite Crossing,207,bfynanfi@simplemachines.org,9546345600
2,Nickie,Stetson,1974-06-25,2,1193422977,77923 Scoville Avenue,1814,nstetsonfj@bloglines.com,3044827952
2,Clare,Piscotti,1988-08-24,1,1515036051,98317 Express Circle,1406,cpiscottifk@webnode.com,9687147824
2,Lily,Overland,1988-10-30,2,1295590469,5563 Hollow Ridge Park,207,loverlandfl@sphinn.com,7361852668
2,Susan,Lamboll,1991-04-10,3,1024983621,9619 Daystar Alley,1406,slambollfm@wufoo.com,8203337231
2,Colver,Loreit,2002-10-29,2,1432997629,280 Graedel Terrace,207,cloreitfn@imgur.com,5002955589
1,Delphine,Gyde,1952-01-11,3,1013811112,147 Sheridan Court,802,dgydefo@gravatar.com,6227045805
2,Rowan,MacEvilly,1967-09-23,1,1258426234,58 Graedel Alley,802,rmacevillyfp@google.com.hk,9902059952
2,Othilie,Bristo,2001-05-31,3,1228196423,09 Lighthouse Bay Trail,1781,obristofq@cdc.gov,5277835301
1,Sonny,Stirtle,1964-10-28,3,1523575735,7 Melrose Drive,1781,sstirtlefr@myspace.com,3366545349
1,Cordie,Codron,1997-11-07,3,1475999063,231 Emmet Street,802,ccodronfs@friendfeed.com,7676396173
1,Bjorn,Coche,1976-11-10,1,1488340808,681 Clyde Gallagher Way,1006,bcocheft@github.io,3861879694
1,Yule,Hackett,1998-12-12,2,1347437299,019 Carberry Place,1781,yhackettfu@histats.com,4368199764
2,Orbadiah,Hagerty,1980-10-22,3,1264658802,2 Old Gate Lane,1981,ohagertyfv@list-manage.com,8111102321
1,Sayre,Latliff,2003-10-20,2,1131056840,3 Monument Center,303,slatlifffw@imgur.com,6697452618
1,Gearalt,Tuffell,1952-09-02,1,1059346255,9774 Lunder Place,802,gtuffellfx@ftc.gov,1484755753
1,Wright,Krollmann,1984-08-16,2,1304223835,3675 Parkside Center,1207,wkrollmannfy@dropbox.com,2943267561
1,Gris,Birtwhistle,1990-06-09,3,1429593450,015 Sutteridge Way,1981,gbirtwhistlefz@bizjournals.com,6831010351
1,Anthony,Schermick,1956-04-12,2,1112996862,7055 Lakewood Drive,802,aschermickg0@homestead.com,9818167525
1,Freddie,Cristoforo,1978-04-15,3,1362743232,2330 Express Trail,1207,fcristoforog1@nature.com,1944100370
2,Brenna,Pahl,1989-12-24,3,1561324538,33282 Mendota Pass,1207,bpahlg2@nih.gov,2783607179
1,Omar,Labro,1989-06-29,3,1264412782,00 Fairfield Lane,303,olabrog3@deliciousdays.com,7205077650
2,Westbrook,Galsworthy,1999-05-14,2,1189559548,27004 Annamark Way,207,wgalsworthyg4@cmu.edu,1246128106
1,Frank,Skettles,1955-09-24,3,1034062602,1830 Larry Alley,207,fskettlesg5@tripadvisor.com,7345966232
1,Mathew,Dunlap,1956-09-03,2,1363946896,261 Debs Circle,303,mdunlapg6@bandcamp.com,5914226525
2,Nichols,Twelve,2006-08-16,3,1437978594,6 Sloan Drive,1207,ntwelveg7@telegraph.co.uk,9067407186
1,Bradley,Vaune,1952-12-25,1,1378516084,96489 Lotheville Park,207,bvauneg8@behance.net,4209040459
2,Ruttger,Bennallck,1974-10-06,1,1463349807,8 Dakota Avenue,802,rbennallckg9@mediafire.com,6624400722
1,Philomena,Pineaux,1965-03-08,1,1047907786,039 Larry Hill,1006,ppineauxga@google.cn,2699006179
2,Sydney,Gouldie,1958-12-24,1,1346555195,2 Maple Street,1781,sgouldiegb@php.net,5865993340
2,Elisa,Bannell,1950-07-21,1,1182965343,83762 Kropf Street,1814,ebannellgc@vkontakte.ru,9458182583
1,Pierson,Beadman,1986-04-24,3,1195006308,8468 Golden Leaf Point,1814,pbeadmangd@illinois.edu,4726345991
1,Krysta,Karby,1964-12-10,1,1172485863,0385 Springs Junction,303,kkarbyge@salon.com,9188938473
1,Siffre,Bridgland,1984-11-24,2,1132732893,67 Dorton Parkway,207,sbridglandgf@msn.com,6611351609
1,Persis,Chesterman,2004-10-12,2,1163928250,56 Hagan Park,1981,pchestermangg@discovery.com,2235801213
2,Kimberlee,Nibley,1977-11-11,3,1358770594,82 Pond Hill,1406,knibleygh@addthis.com,3714306692
1,Jaclyn,Kirkby,2010-06-24,1,1125352493,45865 Grim Road,1814,jkirkbygi@homestead.com,4697083060
1,Chloette,Goding,1969-11-06,1,1057459168,81 Maryland Trail,303,cgodinggj@ihg.com,2504489903
1,Allene,Eldred,1953-12-30,3,1217183758,238 Rigney Street,1207,aeldredgk@mac.com,8168370375
1,Lion,Schuh,1984-05-03,1,1418686522,961 Green Ridge Court,802,lschuhgl@google.ru,5902243724
2,Baillie,Inge,1966-07-14,2,1024433238,4 Brown Trail,303,bingegm@weebly.com,9853663307
2,Horatia,Finci,2010-03-24,1,1087149398,04 Green Street,2297,hfincign@pinterest.com,5777438839
1,Leslie,Davidovics,1983-08-16,1,1027864724,960 Vermont Place,1981,ldavidovicsgo@hp.com,2229035211
2,Leta,Jauncey,1992-04-21,1,1314948917,70920 Leroy Parkway,1814,ljaunceygp@cnet.com,1374803317
1,Vito,Shoebotham,1953-09-20,3,1346049683,9503 4th Point,1406,vshoebothamgq@apple.com,5449705686
1,Torrence,Gaspard,1980-12-12,3,1435938105,7 Almo Crossing,1781,tgaspardgr@technorati.com,4293473657
2,Gael,Apps,1966-05-15,2,1113766543,5427 Riverside Road,2297,gappsgs@infoseek.co.jp,4203449968
1,Garold,Goudie,2004-03-21,1,1496504346,86 Beilfuss Way,1006,ggoudiegt@hubpages.com,1822175462
2,Helsa,Cattermole,1985-10-17,1,1200095122,99169 Elmside Road,1981,hcattermolegu@dell.com,9739109923
2,Ulberto,Gristock,1954-04-02,1,1074307299,6645 Crownhardt Center,1981,ugristockgv@google.cn,8201912481
2,Foss,Ranner,2000-05-25,2,1173075446,22721 Sommers Park,1781,frannergw@jimdo.com,9855821509
1,Rickert,Dalli,1980-04-10,2,1321886572,09 Tomscot Road,1207,rdalligx@intel.com,5639409717
1,Anita,Fingleton,2002-02-15,1,1185599430,7428 Lakeland Center,1981,afingletongy@redcross.org,5453987489
1,Blondelle,Jerwood,1990-04-14,1,1400011991,533 Veith Terrace,207,bjerwoodgz@economist.com,4684665739
2,Theobald,Eadie,1988-07-16,2,1193787118,9441 Cascade Center,1406,teadieh0@nyu.edu,9354212178
2,Terri,Sarfatti,1956-02-09,2,1257637661,30063 Myrtle Street,802,tsarfattih1@rambler.ru,4599300083
1,Cristobal,Hutcheons,2000-02-25,1,1387508038,0 Onsgard Lane,303,chutcheonsh2@so-net.ne.jp,4003971796
1,Cob,Keats,2007-11-12,2,1091262010,42986 Hagan Court,802,ckeatsh3@ibm.com,2402748938
1,Reginauld,Delves,1994-09-08,1,1138679941,564 Vidon Trail,1814,rdelvesh4@rambler.ru,9168596594
2,Theodore,Skittles,1954-09-05,3,1497937280,10 Moulton Plaza,1814,tskittlesh5@so-net.ne.jp,3789708161
2,Neddie,Euels,1974-11-25,3,1311729834,526 Stone Corner Point,1781,neuelsh6@networksolutions.com,7946573504
1,Kessiah,Godwyn,1989-02-22,2,1187783777,58 Golden Leaf Parkway,1207,kgodwynh7@patch.com,5942373933
1,Trista,Kneaphsey,1963-12-19,2,1497660270,7 Artisan Junction,1781,tkneaphseyh8@multiply.com,1185095305
2,Fannie,Beggi,1978-05-27,3,1193099889,37 Grover Pass,2297,fbeggih9@npr.org,4083753639
2,Saxon,Aspell,1965-02-05,3,1257603494,4046 Daystar Road,1981,saspellha@woothemes.com,3686651146
1,Meyer,Skull,1957-09-07,3,1373832879,3711 Lien Center,1406,mskullhb@biglobe.ne.jp,3831044382
2,Mariel,Gilphillan,1978-03-21,3,1366737839,282 East Terrace,1981,mgilphillanhc@youtu.be,5743023857
1,Betteann,Veillard,1960-10-29,3,1396248791,37328 Novick Parkway,2297,bveillardhd@geocities.jp,2021883288
2,Marj,Ecclestone,1978-06-10,1,1445398823,2 3rd Plaza,1207,mecclestonehe@symantec.com,4982645863
2,Jeana,Trowell,2006-03-31,1,1597913205,23224 Merchant Court,802,jtrowellhf@smugmug.com,2946756816
2,Ailis,Kochel,1953-08-18,1,1231311751,77 Briar Crest Alley,1981,akochelhg@mlb.com,3478643515
2,Ryann,Houltham,1986-10-28,1,1286074548,8 Mccormick Park,1814,rhoulthamhh@columbia.edu,9981809871
1,Evered,Krolman,2000-04-07,1,1583637920,905 Holmberg Way,303,ekrolmanhi@unesco.org,6764154312
1,Lexy,McKeon,2008-03-28,3,1540148938,49 Lakewood Court,303,lmckeonhj@blogger.com,7854686870
1,Lindy,Chantree,1959-10-24,3,1452074515,68936 Lyons Way,802,lchantreehk@prweb.com,9778293429
2,Tobey,Paddy,2004-10-19,3,1352810042,35 American Point,1006,tpaddyhl@fastcompany.com,1201109712
2,Lyon,Meharg,1992-11-05,1,1118997281,6799 Dayton Circle,1406,lmeharghm@archive.org,9665204213
2,Cicely,Unworth,2006-05-11,2,1118770244,46 Bowman Hill,303,cunworthhn@gmpg.org,1267947230
1,Trevar,Cramphorn,2010-03-11,2,1117695152,5 Green Ridge Hill,1207,tcramphornho@reverbnation.com,2751615233
1,Mathias,Booler,1957-04-11,3,1359559186,81 Monument Street,2297,mboolerhp@myspace.com,9277870549
2,Jake,Lucchi,1954-05-25,3,1343011176,353 Oakridge Avenue,1814,jlucchihq@msu.edu,9545166938
1,Gussy,Barhams,1961-01-21,1,1545473971,2521 Westport Court,1781,gbarhamshr@quantcast.com,9774055872
2,Phip,Hagyard,1987-03-22,3,1283380387,3 Steensland Lane,1781,phagyardhs@dropbox.com,1819428781
1,Halimeda,Jedrysik,2011-03-13,3,1008364918,209 Dottie Alley,802,hjedrysikht@earthlink.net,5825211636
2,Romy,Roman,1980-09-03,1,1424563746,06 Esker Parkway,802,rromanhu@prweb.com,1745536332
2,Zenia,Frangello,1950-07-13,1,1404536867,82 La Follette Point,2297,zfrangellohv@barnesandnoble.com,7317730849
1,Dewie,Isenor,1987-04-09,1,1457571077,331 Erie Way,207,disenorhw@posterous.com,5071645172
2,Kriste,Chalfont,1958-11-06,1,1399295256,15520 Reindahl Trail,1406,kchalfonthx@vimeo.com,3515197139
2,Glynis,Spofforth,1952-06-23,2,1115578892,6203 Red Cloud Lane,2297,gspofforthhy@businesswire.com,3442896836
1,Della,Becraft,1989-07-17,2,1199632815,80390 Sundown Center,1981,dbecrafthz@gizmodo.com,2032808855
2,Gilligan,Colcutt,1961-05-23,3,1572852540,4 Lakewood Gardens Circle,1981,gcolcutti0@usa.gov,3863826753
1,Robinett,Kytter,1978-01-19,2,1279309607,95132 Leroy Circle,1981,rkytteri1@homestead.com,9998457387
1,Kiersten,Moxsom,1995-11-22,1,1479356955,69377 Parkside Alley,1406,kmoxsomi2@state.tx.us,9111920269
1,Erin,Ridewood,1993-01-07,1,1261015489,61 Westridge Court,207,eridewoodi3@google.com.au,8682330825
2,Doug,Sellens,1965-02-11,2,1028843560,2 Dixon Junction,207,dsellensi4@1und1.de,2054058326
1,Silvia,Seakes,1981-10-30,1,1286213314,067 Golf Street,1814,sseakesi5@biblegateway.com,7817719161
1,Marya,Abelson,1975-04-06,1,1089929124,62 Evergreen Parkway,1207,mabelsoni6@upenn.edu,6169385878
2,Chiquita,Ballance,1960-01-07,2,1022588744,03168 Laurel Pass,2297,cballancei7@amazon.de,3716151042
1,Lynett,Canario,1998-01-06,3,1379318381,18150 Buhler Alley,2297,lcanarioi8@un.org,5386946566
1,Cordy,Smullen,1990-09-08,2,1114480218,9 Springs Terrace,1406,csmulleni9@wired.com,1157592913
1,Ebeneser,Jaffa,1987-05-23,3,1480165651,870 Delaware Alley,1406,ejaffaia@unc.edu,7083566524
1,Suzann,Grimmett,1988-09-01,2,1268964543,9742 Sunbrook Court,1406,sgrimmettib@google.fr,6092354663
2,Jerry,Dady,1979-09-21,1,1207833472,2 Mayer Pass,802,jdadyic@clickbank.net,4542375734
1,Amalie,Olyonov,1987-04-24,3,1406215947,42265 Katie Drive,1406,aolyonovid@chron.com,4323037592
1,Kimberly,Goodbanne,2002-01-19,1,1165544073,83 Butterfield Trail,1406,kgoodbanneie@tuttocitta.it,4915038398
1,Herbie,Twentyman,1950-02-02,3,1515537077,85892 Westridge Hill,802,htwentymanif@e-recht24.de,8921271403
1,Dannel,Lecky,1968-07-09,2,1589829623,5 Jenna Terrace,1781,dleckyig@clickbank.net,4545720732
2,Hanni,Hourston,1995-09-16,2,1572951487,086 Mallard Point,1814,hhourstonih@geocities.jp,8911050226
1,Lindy,Conboy,1951-09-20,2,1492942146,79961 Texas Terrace,1814,lconboyii@hc360.com,9828086705
1,Mike,Sauniere,1998-04-06,1,1355884223,51583 Nevada Place,1207,msauniereij@php.net,2138410727
2,Giulia,Trouel,1979-03-26,2,1540482497,1855 Stone Corner Point,1781,gtrouelik@redcross.org,4865510363
2,Bryanty,McIndoe,1950-10-06,2,1105362628,06062 Del Mar Circle,1814,bmcindoeil@tiny.cc,7716741755
1,Whitney,Ferneley,2004-02-14,2,1565092631,24297 Thierer Lane,1207,wferneleyim@elegantthemes.com,3114312197
2,Dominique,Staner,1989-10-14,3,1512143898,7084 Ramsey Parkway,1006,dstanerin@sciencedirect.com,6393020923
1,Eileen,Pugh,2000-03-05,2,1541033404,66 Golden Leaf Point,2297,epughio@sourceforge.net,3987553927
2,Dolorita,Creswell,1987-01-01,2,1358253892,8 Alpine Crossing,1781,dcreswellip@time.com,1666129135
1,Annabela,Carlet,2008-12-07,1,1262557290,331 Walton Avenue,1814,acarletiq@newyorker.com,9029929337
1,Dulsea,Downing,1972-12-10,3,1337982545,2793 Macpherson Pass,802,ddowningir@wp.com,8575269145
1,Erminia,Pountain,1984-05-21,2,1129662402,73 Loftsgordon Plaza,1981,epountainis@yolasite.com,6849690844
2,Genna,Daens,1970-04-27,2,1418554392,1 Granby Parkway,2297,gdaensit@house.gov,2209952503
1,Laetitia,Dawby,1952-12-22,3,1130920609,0 Stone Corner Center,207,ldawbyiu@delicious.com,6187689863
1,Lauren,Whittock,1973-01-16,2,1179803007,9610 Vahlen Hill,207,lwhittockiv@google.fr,7766770266
2,La verne,Fulun,1962-05-13,2,1145449580,0422 Dovetail Hill,2297,lfuluniw@mapy.cz,7428595446
2,Corrine,Scurrah,1978-11-27,2,1546231484,3 Swallow Way,1207,cscurrahix@nba.com,3877925655
1,Tedi,Storm,1990-12-06,1,1407888030,066 Marquette Park,2297,tstormiy@joomla.org,9408683289
2,Diandra,Buchett,1956-02-10,3,1445102496,02555 Dawn Avenue,1814,dbuchettiz@nba.com,6402222913
2,Angelica,Bonnick,1951-03-22,2,1189771194,63 Rockefeller Place,1981,abonnickj0@goo.ne.jp,6446947810
2,Richardo,Disney,1963-03-09,3,1459305449,8 West Road,1781,rdisneyj1@illinois.edu,8948038846
2,Hercule,Treweke,1993-04-03,1,1593912900,2219 Rieder Place,1006,htrewekej2@unesco.org,8226359239
2,Frederick,Llop,2003-05-30,2,1558365968,807 Schmedeman Pass,207,fllopj3@nyu.edu,7021447041
1,Jenn,Huegett,2010-06-09,1,1537104573,967 Talmadge Road,1981,jhuegettj4@unicef.org,2125490087
1,Risa,Attfield,1961-04-08,3,1318878575,62 Nancy Hill,303,rattfieldj5@bbb.org,1956654161
2,Lauri,Hammerstone,1956-04-24,1,1326700566,47102 Dovetail Trail,303,lhammerstonej6@bloglovin.com,9639198765
1,Kanya,Moutray Read,1979-12-02,1,1128373480,9854 Pierstorff Terrace,1006,kmoutrayreadj7@mlb.com,4997815219
2,Dun,Knighton,1955-10-29,3,1366392177,2 Kenwood Center,303,dknightonj8@examiner.com,5138647381
1,Hilly,Isakovic,1952-04-17,2,1535223995,0 Amoth Trail,1981,hisakovicj9@ehow.com,4035575531
1,Curt,Axford,1963-05-21,2,1548151189,1422 Charing Cross Street,1006,caxfordja@shop-pro.jp,4819580703
2,Raddy,Cawthra,1952-03-19,1,1587004555,61197 Reindahl Street,802,rcawthrajb@nps.gov,4112052945
1,Birdie,Swanborough,1978-08-09,1,1169819170,70477 Eagle Crest Road,1207,bswanboroughjc@cdc.gov,9284651429
2,Joyan,Langland,1977-05-29,3,1010273404,8 Sachs Drive,1406,jlanglandjd@freewebs.com,1744124423
1,Consalve,Andreasen,1972-09-25,2,1420782874,064 Killdeer Center,802,candreasenje@sakura.ne.jp,6999795069
1,Riccardo,Bamlett,1993-12-09,1,1046639409,7812 Hovde Place,1006,rbamlettjf@t.co,7027951757
1,Caressa,Habble,1991-10-02,1,1298625083,35 Northview Avenue,1006,chabblejg@ocn.ne.jp,9947620474
1,Naomi,Webber,1993-10-01,3,1097222970,555 Golf Junction,207,nwebberjh@soup.io,2625034709
1,Hanna,Twiddle,1978-08-10,2,1252736040,0041 Hanson Circle,1207,htwiddleji@etsy.com,6712560216
1,Jennee,Lawland,1965-11-07,3,1098717431,18242 Orin Road,2297,jlawlandjj@google.cn,6105796461
2,Benjamen,Deakins,2008-06-30,1,1281732524,4000 Spenser Trail,1207,bdeakinsjk@prnewswire.com,9117906056
2,Carlin,Lidgerton,2009-06-04,2,1325941355,0 Di Loreto Court,2297,clidgertonjl@arizona.edu,5237781194
2,Eudora,Lashford,1974-12-08,2,1084225439,2217 Coleman Point,2297,elashfordjm@merriam-webster.com,6765116450
2,Osborne,Conklin,2002-07-04,2,1281531186,082 Drewry Lane,303,oconklinjn@delicious.com,4894951909
1,Vin,Bartholomieu,1998-12-07,3,1377079089,05917 7th Court,303,vbartholomieujo@seesaa.net,3259958678
2,Rhoda,Bottby,1952-05-29,3,1294889867,78 Johnson Junction,802,rbottbyjp@homestead.com,8842917282
1,Hyacinthe,Waylett,1966-05-01,3,1564127376,519 Anhalt Plaza,802,hwaylettjq@gmpg.org,7979070466
2,Nahum,Bohler,1994-06-10,3,1488863892,769 Hansons Park,1006,nbohlerjr@independent.co.uk,1562181618
2,Baxter,Lenton,1996-07-04,3,1416878793,3942 Evergreen Hill,802,blentonjs@homestead.com,6052887440
2,Babbette,Starte,1955-06-05,1,1451261189,7925 Pepper Wood Alley,802,bstartejt@oaic.gov.au,9162701298
1,Nevil,Simao,2003-11-02,3,1387461704,92613 Carpenter Point,207,nsimaoju@google.de,5396998427
1,Mort,Tembey,1959-10-09,1,1068536526,827 Hazelcrest Lane,1406,mtembeyjv@un.org,2087347512
1,Angie,Coviello,1966-09-12,1,1005209507,44 Pankratz Junction,1814,acoviellojw@ed.gov,1209319944
1,Marya,Torrese,2002-03-29,1,1357491756,06 Anniversary Terrace,303,mtorresejx@meetup.com,5841404324
2,Kriste,Jagson,1955-05-12,2,1558053679,68768 Cottonwood Court,802,kjagsonjy@usnews.com,1768348789
1,Rania,Lote,2010-05-21,1,1215204549,2 High Crossing Place,1207,rlotejz@springer.com,6308968298
2,Paolo,Money,1967-12-18,1,1210865041,73800 Valley Edge Terrace,1006,pmoneyk0@berkeley.edu,8354610289
1,Tris,Hudleston,1971-10-02,3,1555775656,3 Rieder Road,207,thudlestonk1@diigo.com,8499214933
1,Murdoch,Rolston,1989-08-21,3,1302012048,22554 Hoepker Pass,1781,mrolstonk2@ucoz.com,6822622843
2,Arvin,Hughill,1956-10-03,3,1235030646,28 Reinke Place,1981,ahughillk3@canalblog.com,6731044772
2,Albertina,Meneur,1989-05-24,2,1468724937,36 Duke Plaza,207,ameneurk4@infoseek.co.jp,2296872934
1,Rudiger,Dudeney,1986-02-07,2,1093248349,5234 Village Green Point,1406,rdudeneyk5@smugmug.com,5315047561
1,Ulrich,Petroff,1973-07-07,1,1383611533,91127 Hanover Hill,1781,upetroffk6@sohu.com,8326348087
1,Teddy,Tomney,1972-04-25,2,1236974923,92776 Meadow Ridge Place,2297,ttomneyk7@homestead.com,9389636529
2,Cassondra,Robilliard,1962-02-16,1,1410834313,03412 Summer Ridge Trail,1207,crobilliardk8@mapy.cz,7129597204
1,Maison,Roussell,1993-08-24,1,1320196669,5111 Autumn Leaf Place,303,mroussellk9@mapquest.com,6996157603
1,Chandal,Tyas,1975-06-25,2,1479504186,43 Helena Road,1781,ctyaska@nps.gov,8103082945
2,Aloysia,Wildes,1970-05-29,2,1055450152,04 Grover Pass,303,awildeskb@google.pl,2137395159
2,Nolan,Turbard,1982-06-07,1,1395811725,3122 Eagan Center,1006,nturbardkc@census.gov,7869899556
2,Dari,Malcher,1956-08-16,2,1368282609,7746 Washington Road,802,dmalcherkd@domainmarket.com,5681314684
1,Jewelle,Standidge,1957-01-25,1,1363507366,87 Portage Alley,303,jstandidgeke@yellowbook.com,5704723101
1,Elijah,Mellodey,1997-05-28,3,1187483706,9 Dayton Parkway,2297,emellodeykf@altervista.org,6772861013
2,Maurizia,Thornton,1983-05-18,3,1471108386,11 Merchant Point,207,mthorntonkg@walmart.com,1459882142
2,Aleksandr,Tomasino,1979-09-08,2,1065172670,0 Forest Circle,1006,atomasinokh@dedecms.com,4267902823
1,Libby,Snedden,2007-08-09,1,1347389494,65 Longview Alley,1006,lsneddenki@behance.net,6898317400
2,Osborn,Haszard,2006-06-20,2,1377541604,91 Lyons Avenue,303,ohaszardkj@latimes.com,6856730680
2,Robinett,Matelaitis,2000-06-01,3,1266474839,88 Lerdahl Center,207,rmatelaitiskk@biglobe.ne.jp,1219809781
1,Denys,Power,2002-07-27,3,1371265541,1 Prairieview Circle,303,dpowerkl@printfriendly.com,2873949399
1,Madelon,Walas,1951-09-02,1,1246852222,1 Dapin Plaza,2297,mwalaskm@ted.com,6525248191
2,Dunn,Lindsay,1954-11-07,1,1494564235,543 Buell Park,2297,dlindsaykn@cnet.com,9512451376
2,Sonni,Bruckman,1997-08-21,2,1021468151,10054 Victoria Lane,1406,sbruckmanko@usatoday.com,8239492335
1,Lenore,Gyppes,1960-08-23,1,1510291314,63524 American Ash Park,802,lgyppeskp@parallels.com,2575945073
2,Kenny,Berrane,1962-06-06,2,1096079929,72541 Lillian Pass,2297,kberranekq@ocn.ne.jp,6504241827
2,Sydelle,Corby,1972-06-10,3,1049314250,3916 Hansons Street,1406,scorbykr@so-net.ne.jp,4634750729
2,Deny,Sager,1980-06-09,3,1000512659,0 Melody Crossing,1981,dsagerks@mashable.com,3298402867
1,Onfre,Spurling,1969-05-14,1,1422865708,0 Pawling Drive,802,ospurlingkt@miitbeian.gov.cn,3497974524
2,Sarena,Cotilard,1953-01-09,1,1346562350,179 Buell Terrace,1406,scotilardku@mashable.com,2002809627
1,Martyn,Rosten,1988-10-24,3,1332282349,5445 Dahle Hill,1006,mrostenkv@nsw.gov.au,5497275100
2,Linnea,Morphey,1983-06-09,3,1125948580,4823 Milwaukee Street,1981,lmorpheykw@posterous.com,5029799848
1,Alla,Benedtti,2007-12-25,2,1441612869,97 Mesta Crossing,1981,abenedttikx@yahoo.co.jp,4872480722
1,Matti,Greatham,1978-01-18,2,1115709842,0729 Manley Trail,1207,mgreathamky@apple.com,3516965432
2,Annabela,Cushelly,1951-02-11,2,1314164075,46920 Eliot Way,1814,acushellykz@admin.ch,4928373916
2,Ody,Batson,1996-08-19,1,1165549640,7 Havey Pass,1207,obatsonl0@pcworld.com,4305365024
2,Duffy,Tarling,1985-11-12,1,1548475508,7 Armistice Point,207,dtarlingl1@spotify.com,8954813759
2,Scarface,Ertel,1961-11-11,3,1200433905,898 Lakewood Gardens Crossing,1406,sertell2@usgs.gov,5744608343
2,Winni,Galbraeth,1968-08-24,3,1342972484,78 Warner Parkway,1006,wgalbraethl3@prweb.com,1458798948
1,Katine,Stapleton,1974-05-15,2,1276856894,54377 Cherokee Drive,303,kstapletonl4@cargocollective.com,2884844731
1,Bethina,Cookley,1972-12-08,1,1001253040,1616 Starling Lane,1006,bcookleyl5@printfriendly.com,9981794322
1,Grange,Kobera,1999-02-17,1,1004705562,2 Lukken Junction,1207,gkoberal6@symantec.com,5229399670
1,Jacinthe,Pharo,1956-02-29,2,1014440626,43707 Lunder Place,1006,jpharol7@github.com,6634985550
1,Courtenay,Dorricott,1986-11-02,2,1173761007,1 Larry Terrace,1406,cdorricottl8@yelp.com,3655270267
1,Brit,Farriar,1961-05-30,1,1151824163,6 Burning Wood Court,2297,bfarriarl9@google.es,9819393755
2,Sybille,Melmoth,1988-08-26,1,1213515179,511 Drewry Point,1006,smelmothla@vkontakte.ru,9597834479
2,Domenico,Brantl,1967-01-29,2,1325840661,259 Center Park,207,dbrantllb@live.com,6378535382
2,Edmund,Maysor,1988-09-11,1,1124092855,82 Saint Paul Terrace,2297,emaysorlc@zimbio.com,5217243325
2,Gerick,Ellicombe,1951-07-23,2,1517802261,6 Superior Circle,1981,gellicombeld@msu.edu,4213952678
1,Kesley,Leydon,1966-09-02,2,1134079874,10357 Cottonwood Junction,1406,kleydonle@wp.com,5287531791
1,Agustin,Fend,1959-04-13,3,1316065793,8 Grim Pass,1814,afendlf@hostgator.com,1523903767
1,Ward,Sannes,1986-01-05,1,1314732495,23280 Arapahoe Place,1406,wsanneslg@a8.net,5788514892
1,Avivah,Idill,1983-12-25,1,1029554572,88363 Badeau Crossing,1781,aidilllh@eventbrite.com,6267323891
1,Baldwin,Tooke,2009-02-10,2,1340523377,21 Bluestem Plaza,1006,btookeli@imdb.com,3195137124
1,Barde,Critzen,2000-06-08,1,1466156341,7 Mcbride Avenue,802,bcritzenlj@japanpost.jp,9395497763
2,Edee,Humes,1957-06-11,2,1201619543,0 Hazelcrest Lane,1814,ehumeslk@yale.edu,1478818600
1,Hallie,Lesmonde,1969-06-14,3,1055270864,175 8th Parkway,1406,hlesmondell@aboutads.info,3189095283
2,Jourdain,Byars,1975-04-13,1,1108950687,61 Prairie Rose Place,1981,jbyarslm@jimdo.com,6581610981
2,Ariana,Ibotson,1959-01-13,3,1481895245,5 Esch Center,1006,aibotsonln@redcross.org,5487906944
2,Celina,Scaysbrook,1973-11-24,3,1222631192,02796 Pearson Place,1406,cscaysbrooklo@typepad.com,4173671747
2,Rene,Fero,1953-12-10,1,1256092392,0728 Hanover Junction,207,rferolp@dropbox.com,8095177693
1,Dallon,Callis,1978-11-19,2,1320694204,0 Scott Way,207,dcallislq@state.gov,7153707175
1,Allister,Josephson,1984-08-29,1,1225821460,2 Brentwood Way,1781,ajosephsonlr@intel.com,4736371071
1,Gwendolyn,Stockbridge,2008-01-06,3,1069025714,8769 Sugar Crossing,1781,gstockbridgels@addthis.com,6312412722
1,Vita,Litster,2011-06-23,1,1273190390,79562 Haas Center,1207,vlitsterlt@1688.com,3792407814
2,Dane,Hargreave,1989-01-06,3,1088056925,641 Anthes Parkway,1207,dhargreavelu@shutterfly.com,1537118726
2,Janessa,Rosbrough,1983-03-12,3,1167456065,66 Armistice Road,1814,jrosbroughlv@imgur.com,2866381256
2,Herb,Louisot,2000-06-30,2,1098486846,2 Butterfield Trail,1207,hlouisotlw@engadget.com,8492759362
2,Afton,Gosby,1954-02-23,3,1587739505,5060 Atwood Hill,1814,agosbylx@nifty.com,9697104094
2,Honoria,Becerro,1974-05-01,1,1159273054,56 Lindbergh Trail,1781,hbecerroly@usgs.gov,8975953701
1,Cherin,Durrington,1989-11-24,1,1366656470,36 Kenwood Way,1406,cdurringtonlz@mayoclinic.com,9499663027
2,Natal,MacGaughie,1993-01-15,2,1400171041,87 Eagan Plaza,1006,nmacgaughiem0@ehow.com,7383584610
2,Rey,Knee,1973-11-11,2,1508811279,4944 Village Green Alley,802,rkneem1@narod.ru,7937387598
1,Riannon,Canner,2008-03-10,2,1096719132,79 Ridgeway Center,1006,rcannerm2@paypal.com,9682194880
1,Bertrand,Sleeman,1957-02-13,3,1421676016,91 Burrows Point,1406,bsleemanm3@uiuc.edu,3892124637
2,Jackquelin,Seignior,1964-03-14,2,1512729137,9 Atwood Pass,1406,jseigniorm4@ucoz.ru,4877265314
1,Neysa,Ellissen,1999-11-26,3,1095003203,1497 Talmadge Terrace,802,nellissenm5@simplemachines.org,6102358506
2,Rebecka,Tolworth,1997-08-05,1,1237958924,28556 Clove Road,1006,rtolworthm6@php.net,8435387534
2,Caddric,Swash,1981-12-25,3,1156993698,10969 8th Plaza,1207,cswashm7@over-blog.com,4833084960
1,Kristyn,Troman,1980-03-06,2,1448788329,7036 Surrey Way,1981,ktromanm8@unc.edu,2232380022
2,Brier,O'Mullaney,1991-01-15,1,1131201112,3394 Esker Point,207,bomullaneym9@youtube.com,1917073520
1,El,Vye,2003-12-02,2,1279136614,60875 Shelley Parkway,802,evyema@cdc.gov,7818283657
1,Berti,Duker,1957-03-14,1,1409863612,00 Susan Place,207,bdukermb@nasa.gov,5643614416
2,Arron,Brittain,1962-11-25,1,1525080351,549 Sloan Circle,207,abrittainmc@joomla.org,9503007519
1,Juliann,Stroulger,1989-05-28,2,1282921065,4 Brickson Park Trail,1406,jstroulgermd@ebay.com,4625217284
2,Corrianne,Cammoile,1993-03-18,2,1325271767,92944 Moose Junction,1406,ccammoileme@mlb.com,5828898454
1,Noella,Pfeifer,1968-06-07,2,1406296936,0 Laurel Road,802,npfeifermf@jimdo.com,9642655469
1,Walt,McAdam,1992-11-21,3,1411371885,178 Clove Way,1006,wmcadammg@slashdot.org,2715987984
1,Koralle,Bonny,1966-06-21,3,1404501580,8 Carey Parkway,303,kbonnymh@yahoo.co.jp,3158687258
2,Siffre,Slopier,1976-01-21,3,1583079128,443 Fisk Parkway,207,sslopiermi@edublogs.org,1553474766
2,Selinda,Ibarra,1983-10-28,1,1391539943,7327 Old Gate Alley,1981,sibarramj@gnu.org,8469973687
1,Wilmar,Link,1993-03-11,1,1282017183,7401 Transport Place,1781,wlinkmk@goodreads.com,9505737184
1,Ursulina,Rosone,1960-04-19,1,1284098499,2339 Donald Pass,802,urosoneml@clickbank.net,9914841053
1,Inglis,O' Mullane,2008-09-30,3,1057812914,9 Claremont Avenue,1006,iomullanemm@amazon.com,5655474391
2,Dal,Mackness,1973-07-01,1,1471210170,47385 Prairieview Alley,802,dmacknessmn@imageshack.us,8385704059
1,Darrell,Burbage,1964-02-07,1,1259344039,91 Elmside Way,802,dburbagemo@ibm.com,6992170183
2,Reeva,Whitney,1986-06-12,2,1010545742,685 Portage Avenue,1406,rwhitneymp@microsoft.com,3731801522
2,Verena,O'Quin,2010-09-17,2,1080500589,165 Texas Parkway,1006,voquinmq@unesco.org,5066418510
2,Felicia,McKague,1993-03-30,2,1430894682,63552 Harbort Circle,1207,fmckaguemr@icio.us,6808400660
2,Rich,Corcoran,1970-11-18,2,1086587645,5876 Ridgeway Parkway,303,rcorcoranms@imgur.com,6145511618
1,Joy,Purkis,1965-12-04,2,1080257553,509 Wayridge Avenue,1781,jpurkismt@nba.com,9802667171
2,Hewet,Saer,1985-05-03,3,1153716886,57 Green Ridge Pass,1006,hsaermu@typepad.com,3265084828
2,Farah,Mardoll,2007-04-11,2,1291271951,45 Bonner Avenue,1207,fmardollmv@nyu.edu,7159224072
2,Chicky,Haycraft,1994-11-22,2,1443041374,1 Hansons Circle,1006,chaycraftmw@networkadvertising.org,4729073976
2,Audrey,Hedditch,2005-05-30,1,1417038136,87 Vahlen Court,1207,ahedditchmx@ustream.tv,2772226717
2,Odelia,Slyme,1981-08-03,3,1125784640,0 Carey Park,1814,oslymemy@hp.com,2546094420
1,Ethelred,Goffe,1978-01-16,2,1212354002,6 School Alley,303,egoffemz@jugem.jp,1556861761
2,Ingrid,Priestnall,1998-06-19,1,1432380690,767 Arizona Point,303,ipriestnalln0@wunderground.com,2639468048
1,Tarah,Woodnutt,1976-12-30,3,1350958205,1 Dixon Court,1006,twoodnuttn1@nytimes.com,7485780253
1,Orren,Janczyk,2002-10-27,2,1078298480,59 Atwood Alley,1981,ojanczykn2@thetimes.co.uk,9823403764
1,Izaak,Kobpac,1989-05-27,2,1247540097,9399 Thierer Crossing,1981,ikobpacn3@seesaa.net,9035336439
2,Adriana,Stear,1957-08-29,1,1330596987,47921 Glacier Hill Terrace,1207,astearn4@dyndns.org,8037824137
2,Joseph,Simonel,1956-01-09,2,1536209643,9 Moose Circle,1006,jsimoneln5@elegantthemes.com,9685772381
2,Guillaume,Baukham,2008-06-02,3,1591622942,1870 Shasta Street,1781,gbaukhamn6@sun.com,7381956081
2,Ethe,Hankin,1991-05-30,1,1174744532,11 Havey Lane,1006,ehankinn7@freewebs.com,8548611812
2,Caresa,Vasey,1996-04-13,1,1239832797,738 Sutteridge Pass,2297,cvaseyn8@xrea.com,8132859271
1,Paloma,Fishby,1959-01-20,2,1361904210,2540 Ridge Oak Center,1981,pfishbyn9@hp.com,9934104848
2,Rollin,Irons,1957-02-07,2,1115990877,450 Prairieview Lane,2297,rironsna@narod.ru,4005439647
1,Korella,Cadagan,2003-02-07,2,1208698220,571 Havey Road,1781,kcadagannb@hugedomains.com,1403240389
1,Josias,Hatcher,1951-12-10,1,1355717421,9 Luster Crossing,802,jhatchernc@gmpg.org,7759720224
2,Fredek,Arton,2011-06-27,3,1094354521,0 Melrose Avenue,1207,fartonnd@indiegogo.com,6217919145
1,Nanci,Andreasson,1993-07-25,3,1325728409,374 Sycamore Place,1006,nandreassonne@cnbc.com,7586374737
1,Sosanna,Goligher,1991-03-26,3,1296594875,74 Schurz Point,2297,sgolighernf@vimeo.com,2532240856
2,Becka,Wimbury,2002-04-30,3,1059384933,35187 Drewry Hill,1814,bwimburyng@nbcnews.com,2558872645
1,Marguerite,Moizer,1993-04-06,2,1247197991,327 Tony Crossing,1406,mmoizernh@epa.gov,6799428571
1,Sarine,Aynold,1995-02-10,3,1444106608,4 School Lane,1207,saynoldni@pcworld.com,8791059403
1,Laureen,Kimmince,1978-06-27,2,1584432960,1 Pond Circle,303,lkimmincenj@sohu.com,2051173926
2,Caroline,Kondratyuk,2011-12-05,3,1158222397,45579 Meadow Ridge Lane,1781,ckondratyuknk@bloglines.com,4547601360
2,Lawton,Iddenden,1960-12-26,1,1534390433,365 Goodland Alley,1814,liddendennl@ed.gov,2288092036
1,Isidora,Elfe,2000-12-28,3,1277404742,42058 Swallow Plaza,1207,ielfenm@mail.ru,5916409705
2,Vivianne,Burtonshaw,1971-07-01,3,1475201538,311 Fisk Crossing,207,vburtonshawnn@quantcast.com,1436458908
2,Wallace,Reeks,1975-01-03,2,1363345803,1867 Twin Pines Junction,1406,wreeksno@nps.gov,6797293111
1,Bernardo,Jedrzejewicz,1975-07-24,3,1149870047,31884 Tomscot Point,1981,bjedrzejewicznp@sitemeter.com,4182400673
2,Henry,Ritchley,2008-02-08,1,1463874181,0153 Granby Circle,2297,hritchleynq@springer.com,2544059339
2,Howard,Pibsworth,2007-09-28,3,1345454844,21 Mockingbird Lane,802,hpibsworthnr@ycombinator.com,6708620110
2,Jordan,Demicoli,1963-03-25,2,1305103763,7 Judy Lane,1006,jdemicolins@biblegateway.com,5376593477
1,Engracia,Wateridge,1959-07-01,3,1289633042,66 Rigney Lane,1981,ewateridgent@skyrock.com,3741124658
1,Benyamin,Barroux,2010-10-22,3,1053015451,20 Commercial Parkway,2297,bbarrouxnu@biglobe.ne.jp,5766351853
2,Veronique,Lackham,1975-07-08,3,1421466461,22005 Bellgrove Drive,1006,vlackhamnv@google.pl,7959412509
2,Rickard,Dyshart,1964-12-29,3,1295346621,86191 Hoepker Point,1006,rdyshartnw@state.gov,7513624628
2,Jeffie,Ibbett,1981-10-22,2,1270996607,6338 Jay Parkway,1814,jibbettnx@hud.gov,4578006312
1,Durward,MacKimmie,1984-03-04,1,1336934896,8227 Stoughton Parkway,303,dmackimmieny@feedburner.com,2785273814
2,Demeter,Glover,1979-01-12,1,1100610465,9695 Goodland Lane,1814,dglovernz@china.com.cn,6135198233
1,Don,Addicote,1995-03-26,2,1404052348,51179 Lake View Court,1781,daddicoteo0@narod.ru,2261449686
1,Matty,Pawlaczyk,1953-10-09,2,1530267179,593 Nelson Park,1781,mpawlaczyko1@nytimes.com,5021808632
2,Ganny,Ouldcott,1983-08-29,2,1509156292,86387 American Ash Road,1814,gouldcotto2@booking.com,5558550168
2,Kacie,Blazi,2001-04-01,1,1009761238,7647 Oak Parkway,802,kblazio3@slate.com,2803735425
2,Holt,Smithson,2006-02-08,3,1171793161,64657 Barnett Road,802,hsmithsono4@cam.ac.uk,3787244454
2,Nathaniel,Brammall,2005-08-18,2,1519966393,444 Pennsylvania Trail,1981,nbrammallo5@unicef.org,7908275169
1,Heall,Maggiori,1960-06-10,1,1301282035,9165 Rutledge Circle,207,hmaggiorio6@example.com,9074607951
2,Alexandra,Perez,1971-11-06,3,1358308857,964 Dawn Avenue,303,aperezo7@blogs.com,2534938037
1,Darya,O'Geaney,1967-01-02,3,1381776897,5547 Pearson Drive,303,dogeaneyo8@sakura.ne.jp,4459917887
1,Saunders,Godbehere,1962-06-10,2,1119148458,0207 Grasskamp Pass,2297,sgodbehereo9@vkontakte.ru,1034741184
1,Neils,Ferre,1951-02-06,2,1591481690,2225 Golf View Parkway,2297,nferreoa@cnbc.com,3053886160
1,Rutherford,Bellwood,1975-08-24,1,1275177333,3149 Mitchell Circle,303,rbellwoodob@printfriendly.com,2358048558
1,Queenie,Baversor,1992-12-21,3,1565888205,9 Lakewood Plaza,303,qbaversoroc@behance.net,2954957601
2,Brewster,Worters,2010-08-07,1,1231314341,66 Monica Trail,1814,bwortersod@posterous.com,9226478160
2,Lek,Misk,1965-02-23,3,1530514520,35 Acker Junction,1981,lmiskoe@mashable.com,6333832393
1,Cesaro,Pelosi,1952-11-28,1,1073335737,63 Hollow Ridge Hill,1981,cpelosiof@ucoz.ru,3423484920
1,Skell,Ramsbotham,2002-07-30,3,1184556686,82425 Sunfield Plaza,1781,sramsbothamog@dagondesign.com,7822103527
2,Shane,Hatterslay,2011-04-23,3,1123669027,1 Northfield Lane,1981,shatterslayoh@tinypic.com,8923844056
2,Toddy,Bagshawe,2005-04-23,3,1108159706,7844 Park Meadow Trail,303,tbagshaweoi@berkeley.edu,8323030249
1,Candis,Martelet,1977-06-08,1,1413721295,03 Grim Junction,802,cmarteletoj@usnews.com,2434480790
2,Lizbeth,Rawsthorne,1972-02-06,1,1161236202,3 1st Street,1207,lrawsthorneok@edublogs.org,1088312966
2,Conney,Longstaff,1993-09-05,1,1185547530,70314 Sycamore Alley,303,clongstaffol@fc2.com,9739608733
2,Cyrill,Yuryatin,1971-12-02,3,1535144448,65919 Prairie Rose Park,1207,cyuryatinom@mysql.com,9423632865
1,Lura,Churchward,1986-07-10,1,1438688877,189 Petterle Park,1406,lchurchwardon@mysql.com,3247705460
1,Merola,Reyburn,2005-07-02,2,1548415778,8 Iowa Junction,1814,mreyburnoo@jalbum.net,3382070982
1,Danit,Shervington,1965-06-30,2,1446971878,42126 Moose Center,303,dshervingtonop@samsung.com,7769695156
2,Clair,Winward,1992-05-25,3,1581979637,042 Westerfield Trail,1781,cwinwardoq@mac.com,1034509060
2,Hanson,Hirtzmann,1980-03-09,3,1198511150,8 Lawn Drive,207,hhirtzmannor@si.edu,6661795385
2,Edyth,Carlson,1972-08-26,1,1287751631,0 Redwing Pass,303,ecarlsonos@admin.ch,3775389186
2,Hobart,Comi,2004-02-14,1,1397010085,716 Rowland Center,802,hcomiot@time.com,3239860209
1,Roger,Stanfield,1973-12-13,3,1017642690,02583 Roth Point,1406,rstanfieldou@sun.com,6327434780
2,Casey,Woakes,2003-01-22,2,1339064122,2042 Park Meadow Lane,1406,cwoakesov@woothemes.com,1942459365
1,Pennie,Knoton,2000-10-09,1,1476298328,96675 Coleman Drive,1781,pknotonow@craigslist.org,5368861132
2,Camilla,Peeke-Vout,1985-08-31,2,1500347186,32 Chinook Lane,1981,cpeekevoutox@chicagotribune.com,9427593432
2,Edgard,Juschka,1952-03-23,3,1040824868,5 Ridge Oak Hill,207,ejuschkaoy@comcast.net,3046970160
2,Cassandry,Chellam,1969-04-10,3,1309955376,19 Mockingbird Parkway,1981,cchellamoz@theatlantic.com,6552678981
2,Jeanine,Loughnan,1962-01-14,1,1562226551,66764 Melrose Parkway,207,jloughnanp0@squidoo.com,1303473776
2,Gregoor,Esel,1957-07-21,3,1442912751,07117 Stone Corner Hill,1207,geselp1@census.gov,5851397070
2,Barrie,Cleverly,1957-04-21,1,1498963483,5 Eagan Lane,802,bcleverlyp2@moonfruit.com,1737643988
1,Cheston,Scough,1959-01-27,1,1033233787,5 John Wall Trail,207,cscoughp3@ovh.net,8615641519
1,Holly,Hastler,2006-10-01,3,1582502379,303 Nelson Court,1814,hhastlerp4@etsy.com,7857410918
2,Elsy,Allawy,1979-11-07,1,1373433198,13 Esker Road,1006,eallawyp5@geocities.jp,1002526422
2,Flora,Bussell,2000-11-26,1,1080593649,1 Old Gate Alley,1781,fbussellp6@dropbox.com,2633145644
2,Eleonora,Gennrich,1995-02-05,2,1535492582,657 Dennis Avenue,1781,egennrichp7@vimeo.com,7833745214
1,Shaun,Malicki,1984-01-09,3,1061024089,9 Warner Drive,303,smalickip8@unc.edu,9472413261
1,Tadeas,Malinowski,1960-05-14,3,1534614654,7474 Haas Alley,1781,tmalinowskip9@noaa.gov,5353648480
2,Sharlene,Thurbon,1953-12-21,2,1184659166,4 Farmco Circle,2297,sthurbonpa@alibaba.com,6922710516
2,Benedetto,Rawdales,1978-07-26,2,1190303620,513 Prairie Rose Point,1006,brawdalespb@wp.com,7327841877
1,Cyndy,Tivenan,1985-12-24,3,1010320634,0 Delladonna Circle,1406,ctivenanpc@artisteer.com,6099354367
1,Nester,Jeafferson,2002-02-17,2,1266263757,1999 Mcguire Way,1207,njeaffersonpd@technorati.com,6834093728
1,Jobi,Grinaway,1954-07-02,3,1490377051,58 Johnson Road,207,jgrinawaype@jiathis.com,6078066666
1,Amata,Lambert-Ciorwyn,1961-02-03,3,1242831191,108 Cody Way,1981,alambertciorwynpf@mit.edu,3592602195
2,Forrester,Skade,1997-12-13,3,1546191794,3974 Macpherson Pass,303,fskadepg@vkontakte.ru,4508599698
1,Marissa,Jobke,1985-02-17,2,1203242647,1 Badeau Point,1406,mjobkeph@barnesandnoble.com,5229835600
2,Corella,Walak,1966-08-06,1,1573945164,38 Daystar Terrace,303,cwalakpi@newsvine.com,5727743687
2,Gaston,Corbert,1995-10-02,3,1565162773,47 Amoth Court,1406,gcorbertpj@oracle.com,2161437526
1,Averill,Raff,1980-06-17,3,1473843536,5 Scofield Junction,1006,araffpk@mac.com,7493846124
2,Nananne,Annesley,2007-07-27,3,1409799988,2058 Lukken Way,1006,nannesleypl@usa.gov,3777394383
2,Leann,Jordan,1968-04-11,3,1385734831,6 Petterle Terrace,1207,ljordanpm@wordpress.com,1509189798
1,Florri,Redsall,1975-01-03,2,1559690401,775 Carpenter Center,303,fredsallpn@t.co,7083327764
2,Buckie,Ousley,1951-07-30,2,1407989535,2 Lawn Avenue,207,bousleypo@yahoo.com,5208249825
2,Kerr,Reskelly,1987-03-07,2,1095508261,138 Rutledge Crossing,1781,kreskellypp@meetup.com,3299863420
1,Ricca,Gregorowicz,1983-04-01,1,1203608723,4673 School Road,207,rgregorowiczpq@paginegialle.it,4841918790
2,Minor,Naylor,1967-07-16,3,1418699615,8135 Cambridge Way,1207,mnaylorpr@cbc.ca,9849914256
1,Karine,Vasnetsov,1990-09-21,1,1468850197,358 Buell Alley,1207,kvasnetsovps@simplemachines.org,7439514558
1,Helaina,Petett,1983-09-09,2,1525031988,6 Hermina Crossing,1814,hpetettpt@surveymonkey.com,8948353144
2,Andriette,Josifovitz,1965-05-07,2,1226917110,83 Welch Street,2297,ajosifovitzpu@biblegateway.com,6785695528
2,Chrissie,Crosland,1965-08-09,1,1211922758,359 Mayer Crossing,1207,ccroslandpv@goo.ne.jp,9793619018
2,Ephrem,Dimitriades,1981-04-13,2,1359919951,26 Pawling Road,1207,edimitriadespw@nhs.uk,9541828335
2,Ethel,Roust,2004-03-08,3,1145316428,88 Oriole Street,207,eroustpx@google.com.br,5734011247
2,Shelley,Margrie,1959-12-20,3,1308857800,95 Thierer Street,2297,smargriepy@flavors.me,9174640431
2,Janelle,Kyteley,2002-01-27,2,1265810249,74 Talmadge Drive,2297,jkyteleypz@zimbio.com,6661620629
1,Hobard,Nicol,1961-10-26,3,1101717408,0366 Crowley Terrace,1006,hnicolq0@ted.com,9808021450
1,Angelle,Heinel,1961-09-25,1,1565212185,5572 Walton Drive,2297,aheinelq1@yellowpages.com,6136612982
1,Mile,Kearey,1994-10-21,2,1363536017,3 Mayer Circle,1406,mkeareyq2@squidoo.com,7158249662
1,Manolo,Lemmer,1996-12-19,3,1555327835,6549 Eastlawn Hill,1781,mlemmerq3@jigsy.com,9874116834
2,Dari,Witherdon,1968-12-06,1,1254211995,17 Superior Drive,1814,dwitherdonq4@google.es,7124683530
2,Veradis,Borwick,2008-01-11,1,1164120294,3471 Beilfuss Point,1781,vborwickq5@istockphoto.com,2659684726
1,Hyacinthie,Truscott,1973-07-29,1,1389055709,2562 Trailsway Point,802,htruscottq6@statcounter.com,5781786137
1,Roy,Tattersdill,2009-05-18,3,1510480673,90131 Ridgeway Place,2297,rtattersdillq7@disqus.com,3635698407
1,Elmira,Geertsen,1984-12-08,2,1424844470,7897 Bayside Lane,303,egeertsenq8@msn.com,4479915719
1,Michele,Bosche,1989-11-16,1,1034965969,2991 Prairieview Junction,303,mboscheq9@tamu.edu,2716406046
1,Ethyl,Geroldini,1974-06-03,3,1274282729,82 East Terrace,1981,egeroldiniqa@g.co,5011448464
2,Claresta,Johanning,1964-05-09,2,1215884801,0777 Dawn Crossing,2297,cjohanningqb@npr.org,5626378712
1,Georges,McRavey,1987-04-05,3,1025977269,327 Fremont Hill,1406,gmcraveyqc@miitbeian.gov.cn,9836659858
2,Yettie,Arendt,1974-03-06,3,1224593473,13273 Corscot Point,802,yarendtqd@hostgator.com,7525238416
2,Keary,Hollingshead,1994-08-30,3,1353910803,8 Utah Road,802,khollingsheadqe@symantec.com,5405134350
2,Fara,Vigne,1952-05-22,1,1227846185,87 Fallview Hill,303,fvigneqf@sun.com,4032391589
2,Margarette,Harder,1977-01-20,2,1421841570,6130 Tennyson Lane,1006,mharderqg@networksolutions.com,8126701939
1,Devan,Maccraw,1955-05-28,3,1485430531,21 Straubel Terrace,207,dmaccrawqh@meetup.com,8678770879
1,Vaclav,LLelweln,1984-06-23,2,1163492009,61336 Marquette Park,1006,vllelwelnqi@wikimedia.org,4089965480
1,Devland,Gopsell,1999-08-10,1,1333328981,96 Memorial Drive,2297,dgopsellqj@nifty.com,7152711048
1,Marshall,Lamacraft,1992-10-13,1,1520414961,891 Morrow Court,1006,mlamacraftqk@hostgator.com,8838116851
1,Pepi,Bomfield,1953-05-28,3,1197867761,735 Nova Pass,1207,pbomfieldql@tinyurl.com,5773919161
2,Antone,Salery,2005-02-16,2,1531566005,1 Sommers Park,1207,asaleryqm@dell.com,5439559353
1,Hershel,Lebang,1959-12-07,3,1535431532,859 Hoard Lane,1814,hlebangqn@google.nl,3863758535
2,Elyn,Dolman,1952-07-02,3,1585918434,22 6th Pass,802,edolmanqo@prlog.org,9171001398
2,Cully,Thorsen,1975-10-19,3,1394840999,86 Goodland Hill,1781,cthorsenqp@illinois.edu,6606255717
2,Deny,Frise,1955-07-29,3,1190286494,89 Mariners Cove Drive,1814,dfriseqq@plala.or.jp,3141835046
1,Annelise,Nix,1993-09-19,3,1127390376,80 Namekagon Plaza,802,anixqr@sohu.com,9201233011
1,Woodie,Lemonnier,1985-01-22,2,1252470297,8 Porter Place,1406,wlemonnierqs@sfgate.com,3793546287
1,Solly,Gopsell,2009-10-17,3,1481347593,9659 Grover Lane,1981,sgopsellqt@chron.com,6568601882
2,Alice,Dearing,1985-06-27,1,1538287305,868 Hanson Park,1406,adearingqu@disqus.com,3955479207
2,Violante,Loweth,2012-01-20,1,1048186264,4 Golf Course Center,1781,vlowethqv@stumbleupon.com,4896760362
2,Valentina,Pudner,1982-12-06,3,1081946968,11 Sachs Parkway,802,vpudnerqw@imgur.com,6029180074
2,Addy,Seel,1973-07-11,2,1528059320,324 Schurz Place,303,aseelqx@ftc.gov,7941580562
2,Ellen,Caffin,1991-08-22,3,1020575388,220 Leroy Court,1981,ecaffinqy@tamu.edu,5214192504
2,Dalis,Gottelier,1991-08-30,1,1190657981,049 Main Parkway,1781,dgottelierqz@shop-pro.jp,4807650853
1,Vonny,Tillot,1961-06-30,3,1044643674,856 Grim Drive,1207,vtillotr0@craigslist.org,6426140053
1,Krystyna,Angrave,1972-12-10,3,1212841305,02 Manitowish Trail,207,kangraver1@aol.com,5981857885
1,Mab,Rampage,1976-12-11,1,1041751614,55385 Kenwood Drive,1814,mrampager2@example.com,5496544060
1,Chelsy,De Vere,1986-10-19,1,1024208731,8101 Karstens Place,1781,cdeverer3@usatoday.com,7205876160
1,Ferdy,Crutcher,1987-06-27,2,1356953967,0412 Hoepker Crossing,1781,fcrutcherr4@blogger.com,5692622293
1,Edin,Hessing,1998-05-07,3,1243198974,702 Jenna Terrace,207,ehessingr5@cam.ac.uk,9399798920
2,Ame,Scarre,2007-09-08,1,1151404450,39268 Artisan Drive,1006,ascarrer6@mail.ru,7482601883
1,Car,Bispham,1954-05-08,3,1148461357,4 6th Street,303,cbisphamr7@fema.gov,4466349287
1,Naoma,Mallya,1979-02-08,2,1328844523,47690 Saint Paul Terrace,1006,nmallyar8@posterous.com,3854784350
1,Tann,Dallas,1957-12-22,1,1451796732,8177 Magdeline Court,1981,tdallasr9@discovery.com,1894225515
2,Averell,Brahan,2008-06-30,3,1561411326,8284 Havey Street,1006,abrahanra@harvard.edu,4717499348
2,Douglass,Hussell,1961-11-30,3,1290667189,090 Daystar Center,303,dhussellrb@vimeo.com,9039852540
1,Hersh,Andryushchenko,1964-05-25,1,1464436462,115 Nova Way,1406,handryushchenkorc@twitter.com,6045335737
2,Dorelia,Gorini,2011-01-12,3,1480711580,103 Hoffman Way,802,dgorinird@stumbleupon.com,4199240906
1,Shaylynn,Dannel,1998-03-07,3,1521016816,17 Mariners Cove Drive,802,sdannelre@nasa.gov,7295936140
1,Bevin,Gainforth,2001-12-15,1,1030907973,48 Comanche Junction,1207,bgainforthrf@lycos.com,8278847024
2,Sherill,De Coursey,1971-03-30,3,1104024417,839 Becker Pass,1814,sdecourseyrg@plala.or.jp,9833039544
2,Carree,Cave,2007-05-27,2,1412503660,8 Northport Place,303,ccaverh@ovh.net,9806547379
1,Tricia,Renn,1994-02-15,3,1168838792,524 Beilfuss Hill,1814,trennri@wufoo.com,3267129733
2,Mauricio,Dast,1976-09-17,2,1542938908,44393 Mcbride Trail,1781,mdastrj@delicious.com,5582378997
1,Ilyse,Bollam,1991-06-15,2,1461632377,444 Esker Park,2297,ibollamrk@live.com,9719969441
2,Berry,Kinastan,1996-07-20,3,1069433749,06 Eggendart Circle,1981,bkinastanrl@ycombinator.com,2563520171
2,Rudolfo,Sharply,1980-05-02,3,1120479598,8686 Kings Junction,2297,rsharplyrm@bbc.co.uk,8992670137
1,Marlene,Verty,1965-10-16,3,1056660801,639 Spaight Road,1207,mvertyrn@intel.com,8043667957
1,Larisa,Roantree,1997-11-27,3,1181400935,82735 Kenwood Lane,1406,lroantreero@google.com.hk,9188669096
1,Enrico,Gascoyne,1979-09-07,1,1375013332,44522 Grover Park,207,egascoynerp@ucoz.ru,5211330858
2,Orelle,Coughan,1967-11-01,1,1592074074,8099 Hoard Park,207,ocoughanrq@nhs.uk,8047411383
2,Saundra,Olyfant,2002-09-02,2,1277644682,27020 Division Point,207,solyfantrr@istockphoto.com,4526346072
